czas,wezel,sensor,seq,temperatura
16:17:52,2,1,1,29.059
16:17:53,4,2,1,6.117
16:17:53,1,3,1,29.592
16:17:53,3,4,1,6.637
16:17:53,2,1,2,29.105
16:17:54,2,5,1,-7.257
16:17:54,4,2,2,6.141
16:17:54,1,6,1,25.993
16:17:54,1,3,2,29.451
16:17:54,3,4,2,6.612
16:17:54,2,1,3,29.151
16:17:55,2,5,2,-7.341
16:17:55,4,2,3,6.165
16:17:55,1,6,2,26.168
16:17:55,1,3,3,29.31
16:17:55,3,4,3,6.587
16:17:55,2,1,4,29.197
16:17:56,2,5,3,-7.425
16:17:56,4,2,4,6.189
16:17:56,1,6,3,26.343
16:17:56,1,3,4,29.169
16:17:56,3,4,4,6.562
16:17:56,2,1,5,29.243
16:17:57,2,5,4,-7.509
16:17:57,4,2,5,6.213
16:17:57,1,6,4,26.518
16:17:57,1,3,5,29.028
16:17:57,3,4,5,6.537
16:17:57,2,1,6,29.289
16:17:58,2,5,5,-7.593
16:17:58,4,2,6,6.237
16:17:58,1,6,5,26.693
16:17:58,1,3,6,28.887
16:17:58,3,4,6,6.512
16:17:58,2,1,7,29.335
16:17:59,2,5,6,-7.677
16:17:59,4,2,7,6.261
16:17:59,1,6,6,26.868
16:17:59,1,3,7,28.746
16:17:59,3,4,7,6.487
16:17:59,2,1,8,29.381
16:18:00,2,5,7,-7.761
16:18:00,4,2,8,6.285
16:18:00,1,6,7,27.043
16:18:00,1,3,8,28.605
16:18:00,3,4,8,6.462
16:18:00,2,1,9,29.427
16:18:01,2,5,8,-7.845
16:18:01,4,2,9,6.309
16:18:01,1,6,8,27.218
16:18:01,1,3,9,28.464
16:18:01,3,4,9,6.437
16:18:01,2,1,10,29.473
16:18:02,2,5,9,-7.929
16:18:02,4,2,10,6.333
16:18:02,3,4,10,6.412
16:18:02,2,1,11,29.519
16:18:03,2,5,10,-8.013
16:18:03,4,2,11,6.357
16:18:03,3,4,11,6.387
16:18:03,2,1,12,29.565
16:18:04,2,5,11,-8.097
16:18:04,4,2,12,6.381
16:18:04,4,6,11,27.743
16:18:04,4,3,12,28.041
16:18:04,3,4,12,6.362
16:18:04,2,1,13,29.611
16:18:05,2,5,12,-8.181
16:18:05,4,2,13,6.405
16:18:05,4,6,12,27.918
16:18:05,4,3,13,27.9
16:18:05,3,4,13,6.337
16:18:05,2,1,14,29.657
16:18:06,2,5,13,-8.265
16:18:06,4,2,14,6.429
16:18:06,4,6,13,28.093
16:18:06,4,3,14,27.759
16:18:06,3,4,14,6.312
16:18:06,2,1,15,29.703
16:18:07,2,5,14,-8.349
16:18:07,4,2,15,6.453
16:18:07,4,6,14,28.268
16:18:07,4,3,15,27.618
16:18:07,3,4,15,6.287
16:18:07,2,1,16,29.749
16:18:08,2,5,15,-8.433
16:18:08,4,2,16,6.477
16:18:08,4,6,15,28.443
16:18:08,4,3,16,27.477
16:18:08,3,4,16,6.262
16:18:08,2,1,17,29.795
16:18:09,2,5,16,-8.517
16:18:09,4,2,17,6.501
16:18:09,4,6,16,28.618
16:18:09,4,3,17,27.336
16:18:09,3,4,17,6.237
16:18:09,2,1,18,29.841
16:18:10,2,5,17,-8.601
16:18:10,4,2,18,6.525
16:18:10,4,6,17,28.793
16:18:10,4,3,18,27.195
16:18:10,3,4,18,6.212
16:18:10,2,1,19,29.887
16:18:11,2,5,18,-8.685
16:18:11,4,2,19,6.549
16:18:11,4,6,18,28.968
16:18:11,4,3,19,27.054
16:18:11,3,4,19,6.187
16:18:11,2,1,20,29.933
16:18:12,2,5,19,-8.769
16:18:12,4,2,20,6.573
16:18:12,4,6,19,29.143
16:18:12,4,3,20,26.913
16:18:12,3,4,20,6.162
16:18:12,2,1,21,29.979
16:18:13,2,5,20,-8.853
16:18:13,4,2,21,6.597
16:18:13,4,6,20,29.318
16:18:13,4,3,21,26.772
16:18:13,3,4,21,6.137
16:18:13,2,1,22,30.025
16:18:14,2,5,21,-8.937
16:18:14,4,2,22,6.621
16:18:14,4,6,21,29.493
16:18:14,4,3,22,26.631
16:18:14,3,4,22,6.112
16:18:14,2,1,23,30.071
16:18:15,2,5,22,-9.021
16:18:15,4,2,23,6.645
16:18:15,4,6,22,29.668
16:18:15,4,3,23,26.49
16:18:15,3,4,23,6.087
16:18:15,2,1,24,30.117
16:18:16,2,5,23,-9.105
16:18:16,4,2,24,6.669
16:18:16,4,6,23,29.843
16:18:16,4,3,24,26.349
16:18:16,3,4,24,6.062
16:18:16,2,1,25,30.163
16:18:17,2,5,24,-9.189
16:18:17,4,2,25,6.693
16:18:17,4,6,24,30.018
16:18:17,4,3,25,26.208
16:18:17,3,4,25,6.037
16:18:17,2,1,26,30.209
16:18:18,2,5,25,-9.273
16:18:18,4,2,26,6.717
16:18:18,4,6,25,30.193
16:18:18,4,3,26,26.067
16:18:18,3,4,26,6.012
16:18:18,2,1,27,30.255
16:18:19,2,5,26,-9.357
16:18:19,4,2,27,6.741
16:18:19,4,6,26,30.368
16:18:19,4,3,27,25.926
16:18:19,3,4,27,5.987
16:18:19,2,1,28,30.301
16:18:20,2,5,27,-9.441
16:18:20,4,2,28,6.765
16:18:20,4,6,27,30.543
16:18:20,4,3,28,25.785
16:18:20,3,4,28,5.962
16:18:20,2,1,29,30.347
16:18:21,2,5,28,-9.525
16:18:21,4,2,29,6.789
16:18:21,4,6,28,30.718
16:18:21,4,3,29,25.644
16:18:21,3,4,29,5.937
16:18:21,2,1,30,30.393
16:18:22,2,5,29,-9.609
16:18:22,4,2,30,6.813
16:18:22,4,6,29,30.893
16:18:22,4,3,30,25.503
16:18:22,3,4,30,5.912
16:18:22,2,1,31,30.439
16:18:23,2,5,30,-9.693
16:18:23,4,2,31,6.837
16:18:23,4,6,30,31.068
16:18:23,4,3,31,25.362
16:18:23,3,4,31,5.887
16:18:23,2,1,32,30.485
16:18:24,2,5,31,-9.777
16:18:24,4,2,32,6.861
16:18:24,4,6,31,31.243
16:18:24,4,3,32,25.221
16:18:24,3,4,32,5.862
16:18:24,2,1,33,30.531
16:18:25,2,5,32,-9.861
16:18:25,4,2,33,6.885
16:18:25,4,6,32,31.418
16:18:25,4,3,33,25.08
16:18:25,3,4,33,5.837
16:18:25,2,1,34,30.577
16:18:26,2,5,33,-9.945
16:18:26,4,2,34,6.909
16:18:26,4,6,33,31.593
16:18:26,4,3,34,24.939
16:18:26,3,4,34,5.812
16:18:26,2,1,35,30.623
16:18:27,2,5,34,-10.029
16:18:27,4,2,35,6.933
16:18:27,4,6,34,31.768
16:18:27,4,3,35,24.798
16:18:27,3,4,35,5.787
16:18:27,2,1,36,30.669
16:18:28,2,5,35,-10.113
16:18:28,4,2,36,6.957
16:18:28,4,6,35,31.943
16:18:28,4,3,36,24.657
16:18:28,3,4,36,5.762
16:18:28,2,1,37,30.715
16:18:29,2,5,36,-10.197
16:18:29,4,2,37,6.981
16:18:29,4,6,36,32.118
16:18:29,4,3,37,24.516
16:18:29,3,4,37,5.737
16:18:29,2,1,38,30.761
16:18:30,2,5,37,-10.281
16:18:30,4,2,38,7.005
16:18:30,4,6,37,32.293
16:18:30,4,3,38,24.375
16:18:30,3,4,38,5.712
16:18:30,2,1,39,30.807
16:18:31,2,5,38,-10.365
16:18:31,4,2,39,7.029
16:18:31,4,6,38,32.468
16:18:31,4,3,39,24.234
16:18:31,3,4,39,5.687
16:18:31,2,1,40,30.853
16:18:32,2,5,39,-10.449
16:18:32,4,2,40,7.053
16:18:32,4,6,39,32.643
16:18:32,4,3,40,24.093
16:18:32,3,4,40,5.662
16:18:32,2,1,41,30.899
16:18:33,2,5,40,-10.533
16:18:33,4,2,41,7.077
16:18:33,4,6,40,32.818
16:18:33,4,3,41,23.952
16:18:33,3,4,41,5.637
16:18:33,2,1,42,30.945
16:18:34,2,5,41,-10.617
16:18:34,4,2,42,7.101
16:18:34,4,6,41,32.993
16:18:34,4,3,42,23.811
16:18:34,3,4,42,5.612
16:18:34,2,1,43,30.991
16:18:35,2,5,42,-10.701
16:18:35,4,2,43,7.125
16:18:35,4,6,42,33.168
16:18:35,4,3,43,23.67
16:18:35,3,4,43,5.587
16:18:35,2,1,44,31.037
16:18:36,2,5,43,-10.785
16:18:36,4,2,44,7.149
16:18:36,4,6,43,33.343
16:18:36,4,3,44,23.529
16:18:36,3,4,44,5.562
16:18:36,2,1,45,31.083
16:18:37,2,5,44,-10.869
16:18:37,4,2,45,7.173
16:18:37,4,6,44,33.518
16:18:37,4,3,45,23.388
16:18:37,3,4,45,5.537
16:18:37,2,1,46,31.129
16:18:38,2,5,45,-10.953
16:18:38,4,2,46,7.197
16:18:38,4,6,45,33.693
16:18:38,4,3,46,23.247
16:18:38,3,4,46,5.512
16:18:38,2,1,47,31.175
16:18:39,2,5,46,-11.037
16:18:39,4,2,47,7.221
16:18:39,4,6,46,33.868
16:18:39,4,3,47,23.106
16:18:39,3,4,47,5.487
16:18:39,2,1,48,31.221
16:18:40,2,5,47,-11.121
16:18:40,4,2,48,7.245
16:18:40,4,6,47,34.043
16:18:40,4,3,48,22.965
16:18:40,3,4,48,5.462
16:18:40,2,1,49,31.267
16:18:41,2,5,48,-11.205
16:18:41,4,2,49,7.269
16:18:41,4,6,48,34.218
16:18:41,4,3,49,22.824
16:18:41,3,4,49,5.437
16:18:41,2,1,50,31.313
16:18:42,2,5,49,-11.289
16:18:42,4,2,50,7.293
16:18:42,4,6,49,34.393
16:18:42,4,3,50,22.683
16:18:42,3,4,50,5.412
16:18:42,2,1,51,31.359
16:18:43,2,5,50,-11.373
16:18:43,4,2,51,7.317
16:18:43,4,6,50,34.568
16:18:43,4,3,51,22.542
16:18:43,3,4,51,5.387
16:18:43,2,1,52,31.405
16:18:44,2,5,51,-11.457
16:18:44,4,2,52,7.341
16:18:44,4,6,51,34.743
16:18:44,4,3,52,22.401
16:18:44,3,4,52,5.362
16:18:44,2,1,53,31.451
16:18:45,2,5,52,-11.541
16:18:45,4,2,53,7.365
16:18:45,4,6,52,34.918
16:18:45,4,3,53,22.26
16:18:45,3,4,53,5.337
16:18:45,2,1,54,31.497
16:18:46,4,2,54,7.389
16:18:46,4,6,53,35.093
16:18:46,4,3,54,22.119
16:18:46,3,4,54,5.312
16:18:47,4,2,55,7.413
16:18:47,4,6,54,35.268
16:18:47,4,3,55,21.978
16:18:47,3,4,55,5.287
16:18:48,1,5,55,-11.793
16:18:48,4,2,56,7.437
16:18:48,4,6,55,35.443
16:18:48,4,3,56,21.837
16:18:48,3,4,56,5.262
16:18:49,4,1,57,31.635
16:18:49,1,5,56,-11.877
16:18:49,4,2,57,7.461
16:18:49,4,6,56,35.618
16:18:49,4,3,57,21.696
16:18:49,3,4,57,5.237
16:18:50,4,1,58,31.681
16:18:50,1,5,57,-11.961
16:18:50,4,2,58,7.485
16:18:50,4,6,57,35.793
16:18:50,4,3,58,21.555
16:18:50,3,4,58,5.212
16:18:51,4,1,59,31.727
16:18:51,1,5,58,-12.045
16:18:51,4,2,59,7.509
16:18:51,4,6,58,35.968
16:18:51,4,3,59,21.414
16:18:51,3,4,59,5.187
16:18:52,4,1,60,31.773
16:18:52,1,5,59,-12.129
16:18:52,4,2,60,7.533
16:18:52,4,6,59,36.143
16:18:52,4,3,60,21.273
16:18:52,3,4,60,5.162
16:18:53,4,1,61,31.819
16:18:53,1,5,60,-12.213
16:18:53,4,2,61,7.557
16:18:53,4,6,60,36.318
16:18:53,4,3,61,21.132
16:18:53,3,4,61,5.137
16:18:54,4,1,62,31.865
16:18:54,1,5,61,-12.297
16:18:54,4,2,62,7.581
16:18:54,4,6,61,36.493
16:18:54,4,3,62,20.991
16:18:54,3,4,62,5.112
16:18:55,4,1,63,31.911
16:18:55,1,5,62,-12.381
16:18:55,4,2,63,7.605
16:18:55,4,6,62,36.668
16:18:55,4,3,63,20.85
16:18:55,3,4,63,5.087
16:18:56,4,1,64,31.957
16:18:56,1,5,63,-12.465
16:18:56,4,2,64,7.629
16:18:56,4,6,63,36.843
16:18:56,4,3,64,20.709
16:18:56,3,4,64,5.062
16:18:57,4,1,65,32.003
16:18:57,1,5,64,-12.549
16:18:57,4,2,65,7.653
16:18:57,4,6,64,37.018
16:18:57,4,3,65,20.568
16:18:57,3,4,65,5.037
16:18:58,4,1,66,32.049
16:18:58,1,5,65,-12.633
16:18:58,4,2,66,7.677
16:18:58,4,6,65,37.193
16:18:58,4,3,66,20.427
16:18:58,3,4,66,5.012
16:18:59,4,1,67,32.095
16:18:59,1,5,66,-12.717
16:18:59,4,2,67,7.701
16:18:59,4,6,66,37.368
16:18:59,4,3,67,20.286
16:18:59,3,4,67,4.987
16:19:00,4,1,68,32.141
16:19:00,1,5,67,-12.801
16:19:00,4,2,68,7.725
16:19:00,4,6,67,37.543
16:19:00,4,3,68,20.145
16:19:00,3,4,68,4.962
16:19:01,4,1,69,32.187
16:19:01,1,5,68,-12.885
16:19:01,4,2,69,7.749
16:19:01,4,6,68,37.718
16:19:01,4,3,69,20.004
16:19:01,3,4,69,4.937
16:19:02,4,1,70,32.233
16:19:02,1,5,69,-12.969
16:19:02,4,2,70,7.773
16:19:02,4,6,69,37.893
16:19:02,4,3,70,19.863
16:19:02,3,4,70,4.912
16:19:03,4,1,71,32.279
16:19:03,1,5,70,-13.053
16:19:03,4,2,71,7.797
16:19:03,4,6,70,38.068
16:19:03,4,3,71,19.722
16:19:03,3,4,71,4.887
16:19:04,4,1,72,32.325
16:19:04,1,5,71,-13.137
16:19:04,4,2,72,7.821
16:19:04,4,6,71,38.243
16:19:04,4,3,72,19.581
16:19:04,3,4,72,4.862
16:19:05,4,1,73,32.371
16:19:05,1,5,72,-13.221
16:19:05,4,2,73,7.845
16:19:05,4,6,72,38.418
16:19:05,4,3,73,19.44
16:19:05,3,4,73,4.837
16:19:06,4,1,74,32.417
16:19:06,1,5,73,-13.305
16:19:06,4,2,74,7.869
16:19:06,4,6,73,38.593
16:19:06,4,3,74,19.299
16:19:06,3,4,74,4.812
16:19:07,4,1,75,32.463
16:19:07,1,5,74,-13.389
16:19:07,4,2,75,7.893
16:19:07,4,6,74,38.768
16:19:07,4,3,75,19.158
16:19:07,3,4,75,4.787
16:19:08,4,1,76,32.509
16:19:08,1,5,75,-13.473
16:19:08,4,2,76,7.917
16:19:08,4,6,75,38.943
16:19:08,4,3,76,19.017
16:19:08,3,4,76,4.762
16:19:09,4,1,77,32.555
16:19:09,1,5,76,-13.557
16:19:09,4,2,77,7.941
16:19:09,4,6,76,39.118
16:19:09,4,3,77,18.876
16:19:09,3,4,77,4.737
16:19:10,4,1,78,32.601
16:19:10,1,5,77,-13.641
16:19:10,4,2,78,7.965
16:19:10,4,6,77,39.293
16:19:10,4,3,78,18.735
16:19:10,3,4,78,4.712
16:19:11,4,1,79,32.647
16:19:11,1,5,78,-13.725
16:19:11,4,2,79,7.989
16:19:11,4,6,78,39.468
16:19:11,4,3,79,18.594
16:19:11,3,4,79,4.687
16:19:12,4,1,80,32.693
16:19:12,1,5,79,-13.809
16:19:12,4,2,80,8.013
16:19:12,4,6,79,39.643
16:19:12,4,3,80,18.453
16:19:13,3,4,80,4.662
16:19:13,4,1,81,32.739
16:19:13,1,5,80,-13.893
16:19:13,4,2,81,8.037
16:19:13,4,6,80,39.818
16:19:13,4,3,81,18.312
16:19:14,3,4,81,4.637
16:19:14,4,1,82,32.785
16:19:14,1,5,81,-13.977
16:19:14,4,2,82,8.061
16:19:14,4,6,81,39.993
16:19:14,4,3,82,18.171
16:19:15,3,4,82,4.612
16:19:15,4,1,83,32.831
16:19:15,1,5,82,-14.061
16:19:15,4,2,83,8.085
16:19:15,4,6,82,40.168
16:19:15,4,3,83,18.03
16:19:16,3,4,83,4.587
16:19:16,4,1,84,32.877
16:19:16,1,5,83,-14.145
16:19:16,4,2,84,8.109
16:19:16,4,6,83,40.343
16:19:16,4,3,84,17.889
16:19:17,3,4,84,4.562
16:19:17,4,1,85,32.923
16:19:17,1,5,84,-14.229
16:19:17,4,2,85,8.133
16:19:17,4,6,84,40.518
16:19:17,4,3,85,17.748
16:19:18,3,4,85,4.537
16:19:18,4,1,86,32.969
16:19:18,1,5,85,-14.313
16:19:18,4,2,86,8.157
16:19:18,4,6,85,40.693
16:19:18,4,3,86,17.607
16:19:19,3,4,86,4.512
16:19:19,4,1,87,33.015
16:19:19,1,5,86,-14.397
16:19:19,4,2,87,8.181
16:19:19,4,6,86,40.868
16:19:19,4,3,87,17.466
16:19:20,3,4,87,4.487
16:19:20,4,1,88,33.061
16:19:20,1,5,87,-14.481
16:19:20,4,2,88,8.205
16:19:20,4,6,87,41.043
16:19:20,4,3,88,17.325
16:19:21,3,4,88,4.462
16:19:21,4,1,89,33.107
16:19:21,1,5,88,-14.565
16:19:21,4,2,89,8.229
16:19:21,4,6,88,41.218
16:19:21,4,3,89,17.184
16:19:22,3,4,89,4.437
16:19:22,4,1,90,33.153
16:19:22,1,5,89,-14.649
16:19:22,4,2,90,8.253
16:19:22,4,6,89,41.393
16:19:22,4,3,90,17.043
16:19:23,3,4,90,4.412
16:19:23,4,1,91,33.199
16:19:23,1,5,90,-14.733
16:19:23,4,2,91,8.277
16:19:23,4,6,90,41.568
16:19:23,4,3,91,16.902
16:19:24,3,4,91,4.387
16:19:24,4,1,92,33.245
16:19:24,1,5,91,-14.817
16:19:24,4,2,92,8.301
16:19:24,4,6,91,41.743
16:19:24,4,3,92,16.761
16:19:25,3,4,92,4.362
16:19:25,4,1,93,33.291
16:19:25,1,5,92,-14.901
16:19:25,4,2,93,8.325
16:19:25,4,6,92,41.918
16:19:25,4,3,93,16.62
16:19:26,3,4,93,4.337
16:19:26,4,1,94,33.337
16:19:26,1,5,93,-14.985
16:19:26,4,2,94,8.349
16:19:26,4,6,93,42.093
16:19:26,4,3,94,16.479
16:19:27,3,4,94,4.312
16:19:27,4,1,95,33.383
16:19:27,1,5,94,-15.069
16:19:27,4,2,95,8.373
16:19:27,4,6,94,42.268
16:19:27,4,3,95,16.338
16:19:28,3,4,95,4.287
16:19:28,4,1,96,33.429
16:19:28,1,5,95,-15.153
16:19:28,4,2,96,8.397
16:19:28,4,6,95,42.443
16:19:28,4,3,96,16.197
16:19:29,3,4,96,4.262
16:19:29,4,1,97,33.475
16:19:29,1,5,96,-15.237
16:19:29,4,2,97,8.421
16:19:29,4,6,96,42.618
16:19:29,4,3,97,16.056
16:19:30,3,4,97,4.237
16:19:30,4,1,98,33.521
16:19:30,1,5,97,-15.321
16:19:30,4,2,98,8.445
16:19:30,4,6,97,42.793
16:19:30,4,3,98,15.915
16:19:31,3,4,98,4.212
16:19:31,4,1,99,33.567
16:19:31,1,5,98,-15.405
16:19:31,4,2,99,8.469
16:19:31,4,6,98,42.968
16:19:31,4,3,99,15.774
16:19:32,3,4,99,4.187
16:19:32,4,1,100,33.613
16:19:32,1,5,99,-15.489
16:19:32,4,2,100,8.493
16:19:32,4,6,99,43.143
16:19:32,4,3,100,15.633
16:19:33,3,4,100,4.162
16:19:33,4,1,101,33.659
16:19:33,1,5,100,-15.573
16:19:33,4,2,101,8.517
16:19:33,4,6,100,43.318
16:19:33,4,3,101,15.492
16:19:34,3,4,101,4.137
16:19:34,4,1,102,33.705
16:19:34,1,5,101,-15.657
16:19:34,4,2,102,8.541
16:19:34,4,6,101,43.493
16:19:34,4,3,102,15.351
16:19:35,3,4,102,4.112
16:19:35,4,1,103,33.751
16:19:35,1,5,102,-15.741
16:19:35,4,2,103,8.565
16:19:35,4,6,102,43.668
16:19:35,4,3,103,15.21
16:19:36,3,4,103,4.087
16:19:36,4,1,104,33.797
16:19:36,1,5,103,-15.825
16:19:36,4,2,104,8.589
16:19:36,4,6,103,43.843
16:19:36,4,3,104,15.069
16:19:37,3,4,104,4.062
16:19:37,4,1,105,33.843
16:19:37,1,5,104,-15.909
16:19:37,4,2,105,8.613
16:19:37,4,6,104,44.018
16:19:37,4,3,105,14.928
16:19:38,3,4,105,4.037
16:19:38,4,1,106,33.889
16:19:38,1,5,105,-15.993
16:19:38,4,2,106,8.637
16:19:38,4,6,105,44.193
16:19:38,4,3,106,14.787
16:19:39,3,4,106,4.012
16:19:39,4,1,107,33.935
16:19:39,1,5,106,-16.077
16:19:39,4,2,107,8.661
16:19:39,4,6,106,44.368
16:19:39,4,3,107,14.646
16:19:40,3,4,107,3.987
16:19:40,4,1,108,33.981
16:19:40,1,5,107,-16.161
16:19:40,4,2,108,8.685
16:19:40,4,6,107,44.543
16:19:40,4,3,108,14.505
16:19:41,3,4,108,3.962
16:19:41,4,1,109,34.027
16:19:41,1,5,108,-16.245
16:19:41,4,2,109,8.709
16:19:41,4,6,108,44.718
16:19:41,4,3,109,14.364
16:19:42,3,4,109,3.937
16:19:42,4,1,110,34.073
16:19:42,1,5,109,-16.329
16:19:42,4,2,110,8.733
16:19:42,4,6,109,44.893
16:19:42,4,3,110,14.223
16:19:43,3,4,110,3.912
16:19:43,4,1,111,34.119
16:19:43,1,5,110,-16.413
16:19:43,4,2,111,8.757
16:19:43,4,6,110,45.068
16:19:43,4,3,111,14.082
16:19:44,3,4,111,3.887
16:19:44,4,1,112,34.165
16:19:44,1,5,111,-16.497
16:19:44,4,2,112,8.781
16:19:44,4,6,111,45.243
16:19:44,4,3,112,13.941
16:19:45,3,4,112,3.862
16:19:45,4,1,113,34.211
16:19:45,1,5,112,-16.581
16:19:45,4,2,113,8.805
16:19:45,4,6,112,45.418
16:19:45,4,3,113,13.8
16:19:46,3,4,113,3.837
16:19:46,4,1,114,34.257
16:19:46,1,5,113,-16.665
16:19:46,4,2,114,8.829
16:19:46,4,6,113,45.593
16:19:46,4,3,114,13.659
16:19:47,3,4,114,3.812
16:19:47,4,1,115,34.303
16:19:47,1,5,114,-16.749
16:19:47,4,2,115,8.853
16:19:47,4,6,114,45.768
16:19:47,4,3,115,13.518
16:19:48,3,4,115,3.787
16:19:48,4,1,116,34.349
16:19:48,1,5,115,-16.833
16:19:48,4,2,116,8.877
16:19:48,4,6,115,45.943
16:19:48,4,3,116,13.377
16:19:49,3,4,116,3.762
16:19:49,4,1,117,34.395
16:19:49,1,5,116,-16.917
16:19:49,4,2,117,8.901
16:19:49,4,6,116,46.118
16:19:49,4,3,117,13.236
16:19:50,3,4,117,3.737
16:19:50,4,1,118,34.441
16:19:50,1,5,117,-17.001
16:19:50,4,2,118,8.925
16:19:50,4,6,117,46.293
16:19:50,4,3,118,13.095
16:19:51,3,4,118,3.712
16:19:51,4,1,119,34.487
16:19:51,1,5,118,-17.085
16:19:51,4,2,119,8.949
16:19:51,4,6,118,46.468
16:19:51,4,3,119,12.954
16:19:52,3,4,119,3.687
16:19:52,4,1,120,34.533
16:19:52,1,5,119,-17.169
16:19:52,4,2,120,8.973
16:19:52,4,6,119,46.643
16:19:52,4,3,120,12.813
16:19:53,3,4,120,3.662
16:19:53,4,1,121,34.579
16:19:53,1,5,120,-17.253
16:19:53,4,2,121,8.997
16:19:53,4,6,120,46.818
16:19:53,4,3,121,12.672
16:19:54,3,4,121,3.637
16:19:54,4,1,122,34.625
16:19:54,1,5,121,-17.337
16:19:54,4,2,122,9.021
16:19:54,4,6,121,46.993
16:19:54,4,3,122,12.531
16:19:55,3,4,122,3.612
16:19:55,4,1,123,34.671
16:19:55,1,5,122,-17.421
16:19:55,4,2,123,9.045
16:19:55,4,6,122,47.168
16:19:55,4,3,123,12.39
16:19:56,3,4,123,3.587
16:19:56,4,1,124,34.717
16:19:56,1,5,123,-17.505
16:19:56,4,2,124,9.069
16:19:56,4,6,123,47.343
16:19:56,4,3,124,12.249
16:19:57,3,4,124,3.562
16:19:57,4,1,125,34.763
16:19:57,1,5,124,-17.589
16:19:57,4,2,125,9.093
16:19:57,4,6,124,47.518
16:19:57,4,3,125,12.108
16:19:58,3,4,125,3.537
16:19:58,4,1,126,34.809
16:19:58,4,2,126,9.117
16:19:58,4,6,125,47.693
16:19:58,4,3,126,11.967
16:19:59,3,4,126,3.512
16:19:59,4,1,127,34.855
16:19:59,4,2,127,9.141
16:19:59,4,6,126,47.868
16:19:59,4,3,127,11.826
16:20:00,3,4,127,3.487
16:20:00,4,1,128,34.901
16:20:00,2,5,127,-17.841
16:20:00,4,2,128,9.165
16:20:00,4,6,127,48.043
16:20:00,4,3,128,11.685
16:20:01,3,4,128,3.462
16:20:01,4,1,129,34.947
16:20:01,2,5,128,-17.925
16:20:01,4,2,129,9.189
16:20:01,4,6,128,48.218
16:20:01,4,3,129,11.544
16:20:02,3,4,129,3.437
16:20:02,4,1,130,34.993
16:20:02,2,5,129,-18.009
16:20:02,4,2,130,9.213
16:20:02,4,6,129,48.393
16:20:02,4,3,130,11.403
16:20:03,3,4,130,3.412
16:20:03,4,1,131,35.039
16:20:03,2,5,130,-18.093
16:20:03,4,2,131,9.237
16:20:03,4,6,130,48.568
16:20:03,4,3,131,11.262
16:20:04,3,4,131,3.387
16:20:04,4,1,132,35.085
16:20:04,2,5,131,-18.177
16:20:04,4,2,132,9.261
16:20:04,4,6,131,48.743
16:20:04,4,3,132,11.121
16:20:05,3,4,132,3.362
16:20:05,4,1,133,35.131
16:20:05,2,5,132,-18.261
16:20:05,4,2,133,9.285
16:20:05,4,6,132,48.918
16:20:05,4,3,133,10.98
16:20:06,3,4,133,3.337
16:20:06,4,1,134,35.177
16:20:06,2,5,133,-18.345
16:20:06,4,2,134,9.309
16:20:06,4,6,133,49.093
16:20:06,4,3,134,10.839
16:20:07,3,4,134,3.312
16:20:07,4,1,135,35.223
16:20:07,2,5,134,-18.429
16:20:07,4,2,135,9.333
16:20:07,4,6,134,49.268
16:20:07,4,3,135,10.698
16:20:08,3,4,135,3.287
16:20:08,4,1,136,35.269
16:20:08,2,5,135,-18.513
16:20:08,4,2,136,9.357
16:20:08,4,6,135,49.443
16:20:08,4,3,136,10.557
16:20:09,3,4,136,3.262
16:20:09,4,1,137,35.315
16:20:09,2,5,136,-18.597
16:20:09,4,2,137,9.381
16:20:09,4,6,136,49.618
16:20:09,4,3,137,10.416
16:20:10,3,4,137,3.237
16:20:10,4,1,138,35.361
16:20:10,2,5,137,-18.681
16:20:10,4,2,138,9.405
16:20:10,4,6,137,49.793
16:20:10,4,3,138,10.275
16:20:11,3,4,138,3.212
16:20:11,4,1,139,35.407
16:20:11,2,5,138,-18.765
16:20:11,4,2,139,9.429
16:20:11,4,6,138,49.968
16:20:11,4,3,139,10.134
16:20:12,3,4,139,3.187
16:20:12,4,1,140,35.453
16:20:12,2,5,139,-18.849
16:20:12,4,2,140,9.453
16:20:12,4,6,139,50.143
16:20:12,4,3,140,9.993
16:20:13,3,4,140,3.162
16:20:13,4,1,141,35.499
16:20:13,2,5,140,-18.933
16:20:13,4,2,141,9.477
16:20:13,4,6,140,50.318
16:20:13,4,3,141,9.852
16:20:14,3,4,141,3.137
16:20:14,4,1,142,35.545
16:20:14,2,5,141,-19.017
16:20:14,4,2,142,9.501
16:20:14,4,6,141,50.493
16:20:14,4,3,142,9.711
16:20:15,3,4,142,3.112
16:20:15,4,1,143,35.591
16:20:15,2,5,142,-19.101
16:20:15,4,2,143,9.525
16:20:15,4,6,142,50.668
16:20:15,4,3,143,9.57
16:20:16,3,4,143,3.087
16:20:16,4,1,144,35.637
16:20:16,2,5,143,-19.185
16:20:16,4,2,144,9.549
16:20:16,4,6,143,50.843
16:20:16,4,3,144,9.429
16:20:17,3,4,144,3.062
16:20:17,4,1,145,35.683
16:20:17,2,5,144,-19.269
16:20:17,4,2,145,9.573
16:20:17,4,6,144,51.018
16:20:17,4,3,145,9.288
16:20:18,3,4,145,3.037
16:20:18,4,1,146,35.729
16:20:18,2,5,145,-19.353
16:20:18,4,2,146,9.597
16:20:18,4,6,145,51.193
16:20:18,4,3,146,9.147
16:20:19,3,4,146,3.012
16:20:19,4,1,147,35.775
16:20:19,2,5,146,-19.437
16:20:19,4,2,147,9.621
16:20:19,4,6,146,51.368
16:20:19,4,3,147,9.006
16:20:20,3,4,147,2.987
16:20:20,4,1,148,35.821
16:20:20,2,5,147,-19.521
16:20:20,4,2,148,9.645
16:20:20,4,6,147,51.543
16:20:20,4,3,148,8.865
16:20:21,3,4,148,2.962
16:20:21,4,1,149,35.867
16:20:21,2,5,148,-19.605
16:20:21,4,2,149,9.669
16:20:21,4,6,148,51.718
16:20:21,4,3,149,8.724
16:20:22,3,4,149,2.937
16:20:22,4,1,150,35.913
16:20:22,2,5,149,-19.689
16:20:22,4,2,150,9.693
16:20:22,4,6,149,51.893
16:20:22,4,3,150,8.583
16:20:23,3,4,150,2.912
16:20:23,4,1,151,35.959
16:20:23,2,5,150,-19.773
16:20:23,4,2,151,9.717
16:20:23,4,6,150,52.068
16:20:23,4,3,151,8.442
16:20:24,3,4,151,2.887
16:20:24,4,1,152,36.005
16:20:24,2,5,151,-19.857
16:20:24,4,2,152,9.741
16:20:24,4,6,151,52.243
16:20:24,4,3,152,8.301
16:20:25,3,4,152,2.862
16:20:25,4,1,153,36.051
16:20:25,2,5,152,-19.941
16:20:25,4,2,153,9.765
16:20:25,4,6,152,52.418
16:20:25,4,3,153,8.16
16:20:26,3,4,153,2.837
16:20:26,4,1,154,36.097
16:20:26,2,5,153,-20.025
16:20:26,4,2,154,9.789
16:20:26,4,6,153,52.593
16:20:26,4,3,154,8.019
16:20:27,3,4,154,2.812
16:20:27,4,1,155,36.143
16:20:27,2,5,154,-20.109
16:20:27,4,2,155,9.813
16:20:27,4,6,154,52.768
16:20:27,4,3,155,7.878
16:20:28,3,4,155,2.787
16:20:28,4,1,156,36.189
16:20:28,2,5,155,-20.193
16:20:28,4,2,156,9.837
16:20:28,4,6,155,52.943
16:20:29,4,3,156,7.737
16:20:29,3,4,156,2.762
16:20:29,4,1,157,36.235
16:20:29,2,5,156,-20.277
16:20:29,4,2,157,9.861
16:20:29,4,6,156,53.118
16:20:30,4,3,157,7.596
16:20:30,3,4,157,2.737
16:20:30,4,1,158,36.281
16:20:30,2,5,157,-20.361
16:20:30,4,2,158,9.885
16:20:30,4,6,157,53.293
16:20:31,4,3,158,7.455
16:20:31,3,4,158,2.712
16:20:31,4,1,159,36.327
16:20:31,2,5,158,-20.445
16:20:31,4,2,159,9.909
16:20:31,4,6,158,53.468
16:20:32,4,3,159,7.314
16:20:32,3,4,159,2.687
16:20:32,4,1,160,36.373
16:20:32,2,5,159,-20.529
16:20:32,4,2,160,9.933
16:20:32,4,6,159,53.643
16:20:33,4,3,160,7.173
16:20:33,3,4,160,2.662
16:20:33,4,1,161,36.419
16:20:33,2,5,160,-20.613
16:20:33,4,2,161,9.957
16:20:33,4,6,160,53.818
16:20:34,4,3,161,7.032
16:20:34,3,4,161,2.637
16:20:34,4,1,162,36.465
16:20:34,2,5,161,-20.697
16:20:34,4,2,162,9.981
16:20:34,4,6,161,53.993
16:20:35,4,3,162,6.891
16:20:35,3,4,162,2.612
16:20:35,4,1,163,36.511
16:20:35,2,5,162,-20.781
16:20:35,4,2,163,10.005
16:20:35,4,6,162,54.168
16:20:36,4,3,163,6.75
16:20:36,3,4,163,2.587
16:20:36,4,1,164,36.557
16:20:36,2,5,163,-20.865
16:20:36,4,2,164,10.029
16:20:36,4,6,163,54.343
16:20:37,4,3,164,6.609
16:20:37,3,4,164,2.562
16:20:37,4,1,165,36.603
16:20:37,2,5,164,-20.949
16:20:37,4,2,165,10.053
16:20:37,4,6,164,54.518
16:20:38,4,3,165,6.468
16:20:38,3,4,165,2.537
16:20:38,4,1,166,36.649
16:20:38,2,5,165,-21.033
16:20:38,4,2,166,10.077
16:20:38,4,6,165,54.693
16:20:39,4,3,166,6.327
16:20:39,3,4,166,2.512
16:20:39,4,1,167,36.695
16:20:39,2,5,166,-21.117
16:20:39,4,2,167,10.101
16:20:39,4,6,166,54.868
16:20:40,4,3,167,6.186
16:20:40,3,4,167,2.487
16:20:40,4,1,168,36.741
16:20:40,2,5,167,-21.201
16:20:40,4,2,168,10.125
16:20:40,4,6,167,55.043
16:20:41,4,3,168,6.045
16:20:41,3,4,168,2.462
16:20:41,4,1,169,36.787
16:20:41,2,5,168,-21.285
16:20:41,4,2,169,10.149
16:20:41,4,6,168,55.218
16:20:42,4,3,169,5.904
16:20:42,3,4,169,2.437
16:20:42,4,1,170,36.833
16:20:42,2,5,169,-21.369
16:20:42,4,2,170,10.173
16:20:42,4,6,169,55.393
16:20:43,4,3,170,5.763
16:20:43,3,4,170,2.412
16:20:43,4,1,171,36.879
16:20:43,2,5,170,-21.453
16:20:43,4,2,171,10.197
16:20:43,4,6,170,55.568
16:20:44,4,3,171,5.622
16:20:44,3,4,171,2.387
16:20:44,4,1,172,36.925
16:20:44,2,5,171,-21.537
16:20:44,4,2,172,10.221
16:20:44,4,6,171,55.743
16:20:45,4,3,172,5.481
16:20:45,3,4,172,2.362
16:20:45,4,1,173,36.971
16:20:45,2,5,172,-21.621
16:20:45,4,2,173,10.245
16:20:45,4,6,172,55.918
16:20:46,4,3,173,5.34
16:20:46,3,4,173,2.337
16:20:46,4,1,174,37.017
16:20:46,2,5,173,-21.705
16:20:46,4,2,174,10.269
16:20:46,4,6,173,56.093
16:20:47,4,3,174,5.199
16:20:47,3,4,174,2.312
16:20:47,4,1,175,37.063
16:20:47,2,5,174,-21.789
16:20:47,4,2,175,10.293
16:20:47,4,6,174,56.268
16:20:48,4,3,175,5.058
16:20:48,3,4,175,2.287
16:20:48,4,1,176,37.109
16:20:48,2,5,175,-21.873
16:20:48,4,2,176,10.317
16:20:48,4,6,175,56.443
16:20:49,4,3,176,4.917
16:20:49,3,4,176,2.262
16:20:49,4,1,177,37.155
16:20:49,2,5,176,-21.957
16:20:49,4,2,177,10.341
16:20:49,4,6,176,56.618
16:20:50,4,3,177,4.776
16:20:50,3,4,177,2.237
16:20:50,4,1,178,37.201
16:20:50,2,5,177,-22.041
16:20:50,4,2,178,10.365
16:20:50,4,6,177,56.793
16:20:51,4,3,178,4.635
16:20:51,2,5,178,-22.125
16:20:51,3,4,178,2.212
16:20:51,4,1,179,37.247
16:20:51,4,2,179,10.389
16:20:51,4,6,178,56.968
16:20:52,4,3,179,4.494
16:20:52,4,1,180,37.293
16:20:52,2,5,179,-22.209
16:20:52,3,4,179,2.187
16:20:52,4,2,180,10.413
16:20:52,4,6,179,57.143
16:20:53,4,3,180,4.353
16:20:53,3,4,180,2.162
16:20:53,2,5,180,-22.293
16:20:53,4,1,181,37.339
16:20:53,4,2,181,10.437
16:20:53,4,6,180,57.318
16:20:54,4,3,181,4.212
16:20:54,3,4,181,2.137
16:20:54,4,1,182,37.385
16:20:54,2,5,181,-22.377
16:20:54,4,2,182,10.461
16:20:54,4,6,181,57.493
16:20:55,4,3,182,4.071
16:20:55,3,4,182,2.112
16:20:55,4,1,183,37.431
16:20:55,2,5,182,-22.461
16:20:55,4,2,183,10.485
16:20:56,4,6,182,57.668
16:20:56,4,3,183,3.93
16:20:56,3,4,183,2.087
16:20:56,4,1,184,37.477
16:20:56,2,5,183,-22.545
16:20:56,4,2,184,10.509
16:20:57,4,6,183,57.843
16:20:57,4,3,184,3.789
16:20:57,3,4,184,2.062
16:20:57,4,1,185,37.523
16:20:57,2,5,184,-22.629
16:20:57,4,2,185,10.533
16:20:58,4,6,184,58.018
16:20:58,4,3,185,3.648
16:20:58,3,4,185,2.037
16:20:58,4,1,186,37.569
16:20:58,2,5,185,-22.713
16:20:58,4,2,186,10.557
16:20:59,4,6,185,58.193
16:20:59,4,3,186,3.507
16:20:59,3,4,186,2.012
16:20:59,4,1,187,37.615
16:20:59,2,5,186,-22.797
16:20:59,4,2,187,10.581
16:21:00,4,6,186,58.368
16:21:00,4,3,187,3.366
16:21:00,3,4,187,1.987
16:21:00,4,1,188,37.661
16:21:00,2,5,187,-22.881
16:21:00,4,2,188,10.605
16:21:01,4,6,187,58.543
16:21:01,4,3,188,3.225
16:21:01,3,4,188,1.962
16:21:01,4,1,189,37.707
16:21:01,2,5,188,-22.965
16:21:01,4,2,189,10.629
16:21:02,4,6,188,58.718
16:21:02,4,3,189,3.084
16:21:02,3,4,189,1.937
16:21:02,2,5,189,-23.049
16:21:02,4,1,190,37.753
16:21:02,4,2,190,10.653
16:21:03,4,6,189,58.893
16:21:03,4,3,190,2.943
16:21:03,3,4,190,1.912
16:21:03,4,1,191,37.799
16:21:03,2,5,190,-23.133
16:21:03,4,2,191,10.677
16:21:04,4,6,190,59.068
16:21:04,4,3,191,2.802
16:21:04,3,4,191,1.887
16:21:04,2,5,191,-23.217
16:21:04,4,1,192,37.845
16:21:04,4,2,192,10.701
16:21:05,4,6,191,59.243
16:21:05,4,3,192,2.661
16:21:05,3,4,192,1.862
16:21:05,2,5,192,-23.301
16:21:05,4,1,193,37.891
16:21:05,4,2,193,10.725
16:21:06,4,6,192,59.418
16:21:06,4,3,193,2.52
16:21:06,3,4,193,1.837
16:21:06,2,5,193,-23.385
16:21:06,4,1,194,37.937
16:21:06,4,2,194,10.749
16:21:07,4,6,193,59.593
16:21:07,4,3,194,2.379
16:21:07,3,4,194,1.812
16:21:07,4,1,195,37.983
16:21:07,2,5,194,-23.469
16:21:07,4,2,195,10.773
16:21:08,4,6,194,59.768
16:21:08,4,3,195,2.238
16:21:08,3,4,195,1.787
16:21:08,4,1,196,38.029
16:21:08,2,5,195,-23.553
16:21:08,4,2,196,10.797
16:21:09,4,6,195,59.943
16:21:09,4,3,196,2.097
16:21:09,3,4,196,1.762
16:21:09,4,1,197,38.075
16:21:09,2,5,196,-23.637
16:21:09,4,2,197,10.821
16:21:10,4,6,196,60.118
16:21:10,4,3,197,1.956
16:21:10,3,4,197,1.737
16:21:10,4,1,198,38.121
16:21:10,2,5,197,-23.721
16:21:10,4,2,198,10.845
16:21:11,4,6,197,60.293
16:21:11,4,3,198,1.815
16:21:11,3,4,198,1.712
16:21:11,4,1,199,38.167
16:21:11,2,5,198,-23.805
16:21:11,4,2,199,10.869
16:21:12,4,6,198,60.468
16:21:12,4,3,199,1.674
16:21:12,3,4,199,1.687
16:21:12,4,1,200,38.213
16:21:12,2,5,199,-23.889
16:21:12,4,2,200,10.893
16:21:13,4,6,199,60.643
16:21:13,4,3,200,1.533
16:21:13,3,4,200,1.662
16:21:13,4,1,201,38.259
16:21:13,2,5,200,-23.973
16:21:13,4,2,201,10.917
16:21:14,4,6,200,60.818
16:21:14,4,3,201,1.392
16:21:14,3,4,201,1.637
16:21:14,4,1,202,38.305
16:21:14,2,5,201,-24.057
16:21:14,4,2,202,10.941
16:21:15,4,6,201,60.993
16:21:15,4,3,202,1.251
16:21:15,3,4,202,1.612
16:21:15,4,1,203,38.351
16:21:15,2,5,202,-24.141
16:21:15,4,2,203,10.965
16:21:16,4,6,202,61.168
16:21:16,4,3,203,1.11
16:21:16,3,4,203,1.587
16:21:16,4,1,204,38.397
16:21:16,2,5,203,-24.225
16:21:16,4,2,204,10.989
16:21:17,4,6,203,61.343
16:21:17,4,3,204,0.969
16:21:17,3,4,204,1.562
16:21:17,4,1,205,38.443
16:21:17,2,5,204,-24.309
16:21:17,4,2,205,11.013
16:21:18,4,6,204,61.518
16:21:18,4,3,205,0.828
16:21:18,3,4,205,1.537
16:21:18,4,1,206,38.489
16:21:18,2,5,205,-24.393
16:21:18,4,2,206,11.037
16:21:19,4,6,205,61.693
16:21:19,4,3,206,0.687
16:21:19,3,4,206,1.512
16:21:19,4,1,207,38.535
16:21:19,2,5,206,-24.477
16:21:19,4,2,207,11.061
16:21:20,4,6,206,61.868
16:21:20,4,3,207,0.546
16:21:20,3,4,207,1.487
16:21:20,4,1,208,38.581
16:21:20,2,5,207,-24.561
16:21:20,4,2,208,11.085
16:21:21,4,6,207,62.043
16:21:21,4,3,208,0.405
16:21:21,3,4,208,1.462
16:21:21,4,1,209,38.627
16:21:21,2,5,208,-24.645
16:21:21,4,2,209,11.109
16:21:22,4,6,208,62.218
16:21:22,4,3,209,0.264
16:21:22,3,4,209,1.437
16:21:22,4,1,210,38.673
16:21:22,2,5,209,-24.729
16:21:22,4,2,210,11.133
16:21:23,4,6,209,62.393
16:21:23,4,3,210,0.123
16:21:23,3,4,210,1.412
16:21:23,4,1,211,38.719
16:21:23,2,5,210,-24.813
16:21:23,4,2,211,11.157
16:21:24,4,6,210,62.568
16:21:24,4,3,211,-0.018
16:21:24,3,4,211,1.387
16:21:24,4,1,212,38.765
16:21:24,4,2,212,11.181
16:21:24,2,5,211,-24.897
16:21:25,4,6,211,62.743
16:21:25,4,3,212,-0.159
16:21:25,3,4,212,1.362
16:21:25,4,1,213,38.811
16:21:25,4,2,213,11.205
16:21:25,2,5,212,-24.981
16:21:26,4,6,212,62.918
16:21:26,4,3,213,-0.3
16:21:26,3,4,213,1.337
16:21:26,4,1,214,38.857
16:21:26,4,2,214,11.229
16:21:26,2,5,213,-25.065
16:21:27,4,6,213,63.093
16:21:27,4,3,214,-0.441
16:21:27,3,4,214,1.312
16:21:27,4,1,215,38.903
16:21:27,2,5,214,-25.149
16:21:27,4,2,215,11.253
16:21:28,4,6,214,63.268
16:21:28,4,3,215,-0.582
16:21:28,3,4,215,1.287
16:21:28,4,1,216,38.949
16:21:28,4,2,216,11.277
16:21:28,2,5,215,-25.233
16:21:29,4,6,215,63.443
16:21:29,4,3,216,-0.723
16:21:29,3,4,216,1.262
16:21:29,4,1,217,38.995
16:21:29,4,2,217,11.301
16:21:29,2,5,216,-25.317
16:21:30,4,6,216,63.618
16:21:30,4,3,217,-0.864
16:21:30,3,4,217,1.237
16:21:30,4,1,218,39.041
16:21:30,4,2,218,11.325
16:21:30,2,5,217,-25.401
16:21:31,4,6,217,63.793
16:21:31,4,3,218,-1.005
16:21:31,3,4,218,1.212
16:21:31,4,1,219,39.087
16:21:31,4,2,219,11.349
16:21:31,2,5,218,-25.485
16:21:32,4,6,218,63.968
16:21:32,4,3,219,-1.146
16:21:32,3,4,219,1.187
16:21:32,4,1,220,39.133
16:21:32,4,2,220,11.373
16:21:32,2,5,219,-25.569
16:21:33,4,6,219,64.143
16:21:33,4,3,220,-1.287
16:21:33,3,4,220,1.162
16:21:33,4,1,221,39.179
16:21:33,4,2,221,11.397
16:21:33,2,5,220,-25.653
16:21:34,4,6,220,64.318
16:21:34,4,3,221,-1.428
16:21:34,3,4,221,1.137
16:21:34,4,1,222,39.225
16:21:34,2,5,221,-25.737
16:21:34,4,2,222,11.421
16:21:35,4,6,221,64.493
16:21:35,4,3,222,-1.569
16:21:35,3,4,222,1.112
16:21:35,4,1,223,39.271
16:21:35,2,5,222,-25.821
16:21:35,4,2,223,11.445
16:21:36,4,6,222,64.668
16:21:36,4,3,223,-1.71
16:21:36,3,4,223,1.087
16:21:36,4,1,224,39.317
16:21:36,2,5,223,-25.905
16:21:36,4,2,224,11.469
16:21:37,4,6,223,64.843
16:21:37,4,3,224,-1.851
16:21:37,3,4,224,1.062
16:21:37,4,1,225,39.363
16:21:37,2,5,224,-25.989
16:21:37,4,2,225,11.493
16:21:38,4,6,224,65.018
16:21:38,4,3,225,-1.992
16:21:38,3,4,225,1.037
16:21:38,2,5,225,-26.073
16:21:38,4,1,226,39.409
16:21:38,4,2,226,11.517
16:21:39,4,6,225,65.193
16:21:39,4,3,226,-2.133
16:21:39,3,4,226,1.012
16:21:39,4,1,227,39.455
16:21:39,4,2,227,11.541
16:21:39,2,5,226,-26.157
16:21:40,4,6,226,65.368
16:21:40,4,3,227,-2.274
16:21:40,3,4,227,0.987
16:21:40,4,1,228,39.501
16:21:40,4,2,228,11.565
16:21:40,2,5,227,-26.241
16:21:41,4,6,227,65.543
16:21:41,4,3,228,-2.415
16:21:41,3,4,228,0.962
16:21:41,4,1,229,39.547
16:21:41,2,5,228,-26.325
16:21:41,4,2,229,11.589
16:21:42,4,6,228,65.718
16:21:42,4,3,229,-2.556
16:21:42,3,4,229,0.937
16:21:42,4,1,230,39.593
16:21:42,2,5,229,-26.409
16:21:42,4,2,230,11.613
16:21:43,4,6,229,65.893
16:21:43,4,3,230,-2.697
16:21:43,3,4,230,0.912
16:21:43,4,1,231,39.639
16:21:43,2,5,230,-26.493
16:21:43,4,2,231,11.637
16:21:44,4,6,230,66.068
16:21:44,4,3,231,-2.838
16:21:44,3,4,231,0.887
16:21:44,4,1,232,39.685
16:21:44,4,2,232,11.661
16:21:44,2,5,231,-26.577
16:21:45,4,6,231,66.243
16:21:45,4,3,232,-2.979
16:21:45,3,4,232,0.862
16:21:45,4,2,233,11.685
16:21:45,4,1,233,39.731
16:21:45,2,5,232,-26.661
16:21:46,4,6,232,66.418
16:21:46,4,3,233,-3.12
16:21:46,3,4,233,0.837
16:21:46,2,5,233,-26.745
16:21:46,4,2,234,11.709
16:21:46,4,1,234,39.777
16:21:47,4,6,233,66.593
16:21:47,4,3,234,-3.261
16:21:47,3,4,234,0.812
16:21:47,2,5,234,-26.829
16:21:47,4,2,235,11.733
16:21:47,4,1,235,39.823
16:21:48,4,6,234,66.768
16:21:48,4,3,235,-3.402
16:21:48,3,4,235,0.787
16:21:48,2,5,235,-26.913
16:21:48,4,2,236,11.757
16:21:48,4,1,236,39.869
16:21:49,4,6,235,66.943
16:21:49,4,3,236,-3.543
16:21:49,3,4,236,0.762
16:21:49,4,2,237,11.781
16:21:49,2,5,236,-26.997
16:21:49,4,1,237,39.915
16:21:50,4,6,236,67.118
16:21:50,4,3,237,-3.684
16:21:50,3,4,237,0.737
16:21:50,4,1,238,39.961
16:21:50,2,5,237,-27.081
16:21:50,4,2,238,11.805
16:21:51,4,6,237,67.293
16:21:51,4,3,238,-3.825
16:21:51,3,4,238,0.712
16:21:51,4,1,239,40.007
16:21:51,2,5,238,-27.165
16:21:51,4,2,239,11.829
16:21:52,4,6,238,67.468
16:21:52,4,3,239,-3.966
16:21:52,3,4,239,0.687
16:21:52,4,1,240,40.053
16:21:52,4,2,240,11.853
16:21:52,2,5,239,-27.249
16:21:53,4,6,239,67.643
16:21:53,4,3,240,-4.107
16:21:53,4,1,241,40.099
16:21:53,4,2,241,11.877
16:21:53,3,4,240,0.662
16:21:53,2,5,240,-27.333
16:21:54,4,6,240,67.818
16:21:54,4,3,241,-4.248
16:21:54,4,2,242,11.901
16:21:54,2,5,241,-27.417
16:21:54,4,1,242,40.145
16:21:54,3,4,241,0.637
16:21:55,4,6,241,67.993
16:21:55,4,3,242,-4.389
16:21:55,3,4,242,0.612
16:21:55,4,1,243,40.191
16:21:55,2,5,242,-27.501
16:21:55,4,2,243,11.925
16:21:56,4,6,242,68.168
16:21:56,4,3,243,-4.53
16:21:56,2,5,243,-27.585
16:21:56,4,2,244,11.949
16:21:56,3,4,243,0.587
16:21:56,4,1,244,40.237
16:21:57,4,6,243,68.343
16:21:57,4,3,244,-4.671
16:21:57,3,4,244,0.562
16:21:57,4,2,245,11.973
16:21:57,2,5,244,-27.669
16:21:58,4,1,245,40.283
16:21:58,4,6,244,68.518
16:21:58,4,3,245,-4.812
16:21:59,2,5,245,-27.753
16:21:59,4,2,246,11.997
16:21:59,3,4,245,0.537
16:21:59,4,1,246,40.329
16:21:59,4,6,245,68.693
16:21:59,4,3,246,-4.953
16:22:00,4,2,247,12.021
16:22:00,3,4,246,0.512
16:22:00,2,5,246,-27.837
16:22:00,4,1,247,40.375
16:22:00,4,6,246,68.868
16:22:00,4,3,247,-5.094
16:22:01,3,4,247,0.487
16:22:01,4,2,248,12.045
16:22:01,2,5,247,-27.921
16:22:01,4,1,248,40.421
16:22:01,4,6,247,69.043
16:22:01,4,3,248,-5.235
16:22:02,4,2,249,12.069
16:22:02,3,4,248,0.462
16:22:02,2,5,248,-28.005
16:22:02,4,1,249,40.467
16:22:02,4,6,248,69.218
16:22:02,4,3,249,-5.376
16:22:03,3,4,249,0.437
16:22:03,4,2,250,12.093
16:22:03,4,1,250,40.513
16:22:03,2,5,249,-28.089
16:22:03,4,6,249,69.393
16:22:03,4,3,250,-5.517
16:22:04,3,4,250,0.412
16:22:04,4,2,251,12.117
16:22:04,4,1,251,40.559
16:22:04,2,5,250,-28.173
16:22:04,4,6,250,69.568
16:22:04,4,3,251,-5.658
16:22:05,3,4,251,0.387
16:22:05,4,2,252,12.141
16:22:05,4,1,252,40.605
16:22:05,2,5,251,-28.257
16:22:05,4,6,251,69.743
16:22:05,4,3,252,-5.799
16:22:06,3,4,252,0.362
16:22:06,4,2,253,12.165
16:22:06,4,1,253,40.651
16:22:06,2,5,252,-28.341
16:22:06,4,6,252,69.918
16:22:06,4,3,253,-5.94
16:22:07,3,4,253,0.337
16:22:07,4,2,254,12.189
16:22:07,4,1,254,40.697
16:22:07,2,5,253,-28.425
16:22:07,4,6,253,70.093
16:22:07,4,3,254,-6.081
16:22:08,3,4,254,0.312
16:22:08,4,2,255,12.213
16:22:08,4,1,255,40.743
16:22:08,2,5,254,-28.509
16:22:08,4,6,254,70.268
16:22:08,4,3,255,-6.222
16:22:09,3,4,255,0.287
16:22:09,4,1,256,40.789
16:22:09,4,2,256,12.237
16:22:09,2,5,255,-28.593
16:22:09,4,6,255,70.443
16:22:09,4,3,256,-6.363
16:22:10,3,4,256,0.262
16:22:10,4,1,257,40.835
16:22:10,4,2,257,12.261
16:22:10,2,5,256,-28.677
16:22:10,4,6,256,70.618
16:22:10,4,3,257,-6.504
16:22:11,3,4,257,0.237
16:22:11,4,1,258,40.881
16:22:11,4,2,258,12.285
16:22:11,2,5,257,-28.761
16:22:11,4,6,257,70.793
16:22:11,4,3,258,-6.645
16:22:12,3,4,258,0.212
16:22:12,4,1,259,40.927
16:22:12,4,2,259,12.309
16:22:12,2,5,258,-28.845
16:22:12,4,6,258,70.968
16:22:12,4,3,259,-6.786
16:22:13,3,4,259,0.187
16:22:13,4,1,260,40.973
16:22:13,4,2,260,12.333
16:22:13,2,5,259,-28.929
16:22:13,4,6,259,71.143
16:22:13,4,3,260,-6.927
16:22:14,4,1,261,41.019
16:22:14,3,4,260,0.162
16:22:14,4,2,261,12.357
16:22:14,2,5,260,-29.013
16:22:14,4,6,260,71.318
16:22:14,4,3,261,-7.068
16:22:15,3,4,261,0.137
16:22:15,4,1,262,41.065
16:22:15,4,2,262,12.381
16:22:15,2,5,261,-29.097
16:22:15,4,6,261,71.493
16:22:15,4,3,262,-7.209
16:22:16,4,2,263,12.405
16:22:16,3,4,262,0.112
16:22:16,4,1,263,41.111
16:22:16,2,5,262,-29.181
16:22:16,4,6,262,71.668
16:22:16,4,3,263,-7.35
16:22:17,4,1,264,41.157
16:22:17,4,2,264,12.429
16:22:17,3,4,263,0.087
16:22:17,2,5,263,-29.265
16:22:17,4,6,263,71.843
16:22:17,4,3,264,-7.491
16:22:18,4,1,265,41.203
16:22:18,4,2,265,12.453
16:22:18,3,4,264,0.062
16:22:18,2,5,264,-29.349
16:22:18,4,6,264,72.018
16:22:18,4,3,265,-7.632
16:22:19,4,1,266,41.249
16:22:19,4,2,266,12.477
16:22:19,3,4,265,0.037
16:22:19,2,5,265,-29.433
16:22:19,4,6,265,72.193
16:22:19,4,3,266,-7.773
16:22:20,4,1,267,41.295
16:22:20,3,4,266,0.012
16:22:20,4,2,267,12.501
16:22:20,2,5,266,-29.517
16:22:20,4,6,266,72.368
16:22:20,4,3,267,-7.914
16:22:21,4,1,268,41.341
16:22:21,4,2,268,12.525
16:22:21,3,4,267,-0.013
16:22:21,2,5,267,-29.601
16:22:21,4,6,267,72.543
16:22:21,4,3,268,-8.055
16:22:22,4,2,269,12.549
16:22:22,4,1,269,41.387
16:22:22,3,4,268,-0.038
16:22:22,2,5,268,-29.685
16:22:22,4,6,268,72.718
16:22:22,4,3,269,-8.196
16:22:23,4,2,270,12.573
16:22:23,4,1,270,41.433
16:22:23,3,4,269,-0.063
16:22:23,2,5,269,-29.769
16:22:23,4,6,269,72.893
16:22:23,4,3,270,-8.337
16:22:24,4,2,271,12.597
16:22:24,4,1,271,41.479
16:22:24,3,4,270,-0.088
16:22:24,2,5,270,-29.853
16:22:24,4,6,270,73.068
16:22:24,4,3,271,-8.478
16:22:25,4,2,272,12.621
16:22:25,4,1,272,41.525
16:22:25,3,4,271,-0.113
16:22:25,2,5,271,-29.937
16:22:25,4,6,271,73.243
16:22:25,4,3,272,-8.619
16:22:26,4,2,273,12.645
16:22:26,4,1,273,41.571
16:22:26,3,4,272,-0.138
16:22:26,2,5,272,-30.021
16:22:26,4,6,272,73.418
16:22:26,4,3,273,-8.76
16:22:27,4,2,274,12.669
16:22:27,4,1,274,41.617
16:22:27,3,4,273,-0.163
16:22:27,2,5,273,-30.105
16:22:27,4,6,273,73.593
16:22:27,4,3,274,-8.901
16:22:28,4,2,275,12.693
16:22:28,4,1,275,41.663
16:22:28,3,4,274,-0.188
16:22:28,2,5,274,-30.189
16:22:28,4,6,274,73.768
16:22:28,4,3,275,-9.042
16:22:29,4,2,276,12.717
16:22:29,4,1,276,41.709
16:22:29,3,4,275,-0.213
16:22:29,2,5,275,-30.273
16:22:29,4,6,275,73.943
16:22:29,4,3,276,-9.183
16:22:30,4,2,277,12.741
16:22:30,4,1,277,41.755
16:22:30,3,4,276,-0.238
16:22:30,2,5,276,-30.357
16:22:30,4,6,276,74.118
16:22:30,4,3,277,-9.324
16:22:31,4,2,278,12.765
16:22:31,3,4,277,-0.263
16:22:31,4,1,278,41.801
16:22:31,2,5,277,-30.441
16:22:31,4,6,277,74.293
16:22:31,4,3,278,-9.465
16:22:32,4,2,279,12.789
16:22:32,4,1,279,41.847
16:22:32,3,4,278,-0.288
16:22:32,2,5,278,-30.525
16:22:32,4,6,278,74.468
16:22:32,4,3,279,-9.606
16:22:33,4,2,280,12.813
16:22:33,3,4,279,-0.313
16:22:33,4,1,280,41.893
16:22:33,2,5,279,-30.609
16:22:33,4,6,279,74.643
16:22:33,4,3,280,-9.747
16:22:34,3,4,280,-0.338
16:22:34,4,2,281,12.837
16:22:34,4,1,281,41.939
16:22:34,2,5,280,-30.693
16:22:34,4,6,280,74.818
16:22:34,4,3,281,-9.888
16:22:35,3,4,281,-0.363
16:22:35,4,2,282,12.861
16:22:35,4,1,282,41.985
16:22:35,2,5,281,-30.777
16:22:35,4,6,281,74.993
16:22:35,4,3,282,-10.029
16:22:36,3,4,282,-0.388
16:22:36,4,2,283,12.885
16:22:36,4,1,283,42.031
16:22:36,2,5,282,-30.861
16:22:36,4,6,282,75.168
16:22:36,4,3,283,-10.17
16:22:37,4,1,284,42.077
16:22:37,3,4,283,-0.413
16:22:37,4,2,284,12.909
16:22:37,2,5,283,-30.945
16:22:37,4,6,283,75.343
16:22:37,4,3,284,-10.311
16:22:38,4,1,285,42.123
16:22:38,3,4,284,-0.438
16:22:38,4,2,285,12.933
16:22:38,2,5,284,-31.029
16:22:38,4,6,284,75.518
16:22:38,4,3,285,-10.452
16:22:39,4,1,286,42.169
16:22:39,3,4,285,-0.463
16:22:39,4,2,286,12.957
16:22:39,2,5,285,-31.113
16:22:39,4,6,285,75.693
16:22:39,4,3,286,-10.593
16:22:40,4,1,287,42.215
16:22:40,3,4,286,-0.488
16:22:40,4,2,287,12.981
16:22:40,2,5,286,-31.197
16:22:40,4,6,286,75.868
16:22:40,4,3,287,-10.734
16:22:41,3,4,287,-0.513
16:22:41,4,1,288,42.261
16:22:41,4,2,288,13.005
16:22:41,2,5,287,-31.281
16:22:41,4,6,287,76.043
16:22:41,4,3,288,-10.875
16:22:42,4,1,289,42.307
16:22:42,3,4,288,-0.538
16:22:42,4,2,289,13.029
16:22:42,2,5,288,-31.365
16:22:42,4,6,288,76.218
16:22:42,4,3,289,-11.016
16:22:43,3,4,289,-0.563
16:22:43,4,1,290,42.353
16:22:43,4,2,290,13.053
16:22:43,2,5,289,-31.449
16:22:43,4,6,289,76.393
16:22:43,4,3,290,-11.157
16:22:44,3,4,290,-0.588
16:22:44,4,1,291,42.399
16:22:44,4,2,291,13.077
16:22:44,2,5,290,-31.533
16:22:44,4,6,290,76.568
16:22:44,4,3,291,-11.298
16:22:45,4,1,292,42.445
16:22:45,3,4,291,-0.613
16:22:45,4,2,292,13.101
16:22:45,2,5,291,-31.617
16:22:45,4,6,291,76.743
16:22:45,4,3,292,-11.439
16:22:46,3,4,292,-0.638
16:22:46,4,1,293,42.491
16:22:46,4,2,293,13.125
16:22:46,2,5,292,-31.701
16:22:46,4,6,292,76.918
16:22:46,4,3,293,-11.58
16:22:47,4,1,294,42.537
16:22:47,3,4,293,-0.663
16:22:47,4,2,294,13.149
16:22:47,2,5,293,-31.785
16:22:47,4,6,293,77.093
16:22:47,4,3,294,-11.721
16:22:48,3,4,294,-0.688
16:22:48,4,1,295,42.583
16:22:48,4,2,295,13.173
16:22:48,2,5,294,-31.869
16:22:48,4,6,294,77.268
16:22:48,4,3,295,-11.862
16:22:49,3,4,295,-0.713
16:22:49,4,1,296,42.629
16:22:49,4,2,296,13.197
16:22:49,2,5,295,-31.953
16:22:49,4,6,295,77.443
16:22:49,4,3,296,-12.003
16:22:50,3,4,296,-0.738
16:22:50,4,1,297,42.675
16:22:50,4,2,297,13.221
16:22:50,2,5,296,-32.037
16:22:50,4,6,296,77.618
16:22:50,4,3,297,-12.144
16:22:51,3,4,297,-0.763
16:22:51,4,1,298,42.721
16:22:51,2,5,297,-32.121
16:22:51,4,2,298,13.245
16:22:51,4,6,297,77.793
16:22:51,4,3,298,-12.285
16:22:52,3,4,298,-0.788
16:22:52,4,1,299,42.767
16:22:52,2,5,298,-32.205
16:22:52,4,2,299,13.269
16:22:52,4,6,298,77.968
16:22:52,4,3,299,-12.426
16:22:53,3,4,299,-0.813
16:22:53,4,1,300,42.813
16:22:53,2,5,299,-32.289
16:22:53,4,2,300,13.293
16:22:53,4,6,299,78.143
16:22:53,4,3,300,-12.567
16:22:54,3,4,300,-0.838
16:22:54,4,1,301,42.859
16:22:54,4,2,301,13.317
16:22:54,2,5,300,-32.373
16:22:54,4,6,300,78.318
16:22:54,4,3,301,-12.708
16:22:55,3,4,301,-0.863
16:22:55,4,1,302,42.905
16:22:55,2,5,301,-32.457
16:22:55,4,2,302,13.341
16:22:55,4,6,301,78.493
16:22:55,4,3,302,-12.849
16:22:56,3,4,302,-0.888
16:22:56,4,1,303,42.951
16:22:56,2,5,302,-32.541
16:22:56,4,2,303,13.365
16:22:56,4,6,302,78.668
16:22:56,4,3,303,-12.99
16:22:57,4,1,304,42.997
16:22:57,3,4,303,-0.913
16:22:57,4,2,304,13.389
16:22:57,2,5,303,-32.625
16:22:57,4,6,303,78.843
16:22:57,4,3,304,-13.131
16:22:58,4,1,305,43.043
16:22:58,3,4,304,-0.938
16:22:58,2,5,304,-32.709
16:22:58,4,2,305,13.413
16:22:58,4,6,304,79.018
16:22:58,4,3,305,-13.272
16:22:59,3,4,305,-0.963
16:22:59,4,1,306,43.089
16:22:59,2,5,305,-32.793
16:22:59,4,2,306,13.437
16:22:59,4,6,305,79.193
16:22:59,4,3,306,-13.413
16:23:00,4,2,307,13.461
16:23:00,4,1,307,43.135
16:23:00,3,4,306,-0.988
16:23:00,2,5,306,-32.877
16:23:00,4,6,306,79.368
16:23:00,4,3,307,-13.554
16:23:01,4,2,308,13.485
16:23:01,4,1,308,43.181
16:23:01,3,4,307,-1.013
16:23:01,2,5,307,-32.961
16:23:01,4,6,307,79.543
16:23:01,4,3,308,-13.695
16:23:02,4,2,309,13.509
16:23:02,4,1,309,43.227
16:23:02,2,5,308,-33.045
16:23:02,3,4,308,-1.038
16:23:02,4,6,308,79.718
16:23:02,4,3,309,-13.836
16:23:03,4,2,310,13.533
16:23:03,4,1,310,43.273
16:23:03,2,5,309,-33.129
16:23:03,3,4,309,-1.063
16:23:03,4,6,309,79.893
16:23:03,4,3,310,-13.977
16:23:04,2,5,310,-33.213
16:23:04,4,2,311,13.557
16:23:04,4,1,311,43.319
16:23:04,3,4,310,-1.088
16:23:04,4,6,310,80.068
16:23:04,4,3,311,-14.118
16:23:05,2,5,311,-33.297
16:23:05,4,2,312,13.581
16:23:05,4,1,312,43.365
16:23:05,3,4,311,-1.113
16:23:05,4,6,311,80.243
16:23:05,4,3,312,-14.259
16:23:06,2,5,312,-33.381
16:23:06,4,2,313,13.605
16:23:06,4,1,313,43.411
16:23:06,3,4,312,-1.138
16:23:06,4,6,312,80.418
16:23:06,4,3,313,-14.4
16:23:07,2,5,313,-33.465
16:23:07,4,2,314,13.629
16:23:07,4,1,314,43.457
16:23:07,3,4,313,-1.163
16:23:07,4,6,313,80.593
16:23:07,4,3,314,-14.541
16:23:08,4,2,315,13.653
16:23:08,2,5,314,-33.549
16:23:08,4,1,315,43.503
16:23:08,3,4,314,-1.188
16:23:08,4,6,314,80.768
16:23:08,4,3,315,-14.682
16:23:09,4,2,316,13.677
16:23:09,4,1,316,43.549
16:23:09,2,5,315,-33.633
16:23:09,3,4,315,-1.213
16:23:09,4,6,315,80.943
16:23:09,4,3,316,-14.823
16:23:10,2,5,316,-33.717
16:23:10,4,2,317,13.701
16:23:10,4,1,317,43.595
16:23:10,3,4,316,-1.238
16:23:10,4,6,316,81.118
16:23:10,4,3,317,-14.964
16:23:11,4,2,318,13.725
16:23:11,2,5,317,-33.801
16:23:11,4,1,318,43.641
16:23:11,3,4,317,-1.263
16:23:11,4,6,317,81.293
16:23:11,4,3,318,-15.105
16:23:12,4,1,319,43.687
16:23:12,4,2,319,13.749
16:23:12,2,5,318,-33.885
16:23:12,3,4,318,-1.288
16:23:12,4,6,318,81.468
16:23:12,4,3,319,-15.246
16:23:13,4,2,320,13.773
16:23:13,4,1,320,43.733
16:23:13,2,5,319,-33.969
16:23:13,3,4,319,-1.313
16:23:13,4,6,319,81.643
16:23:13,4,3,320,-15.387
16:23:14,4,2,321,13.797
16:23:14,4,1,321,43.779
16:23:14,2,5,320,-34.053
16:23:14,3,4,320,-1.338
16:23:14,4,6,320,81.818
16:23:14,4,3,321,-15.528
16:23:15,4,1,322,43.825
16:23:15,4,2,322,13.821
16:23:15,2,5,321,-34.137
16:23:15,3,4,321,-1.363
16:23:15,4,6,321,81.993
16:23:15,4,3,322,-15.669
16:23:16,4,2,323,13.845
16:23:16,4,1,323,43.871
16:23:16,2,5,322,-34.221
16:23:16,3,4,322,-1.388
16:23:16,4,6,322,82.168
16:23:16,4,3,323,-15.81
16:23:17,4,1,324,43.917
16:23:17,4,2,324,13.869
16:23:17,2,5,323,-34.305
16:23:17,3,4,323,-1.413
16:23:17,4,6,323,82.343
16:23:17,4,3,324,-15.951
16:23:18,4,1,325,43.963
16:23:18,4,2,325,13.893
16:23:18,2,5,324,-34.389
16:23:18,3,4,324,-1.438
16:23:18,4,6,324,82.518
16:23:18,4,3,325,-16.092
16:23:19,4,1,326,44.009
16:23:19,4,2,326,13.917
16:23:19,2,5,325,-34.473
16:23:19,3,4,325,-1.463
16:23:19,4,6,325,82.693
16:23:19,4,3,326,-16.233
16:23:20,2,5,326,-34.557
16:23:20,4,1,327,44.055
16:23:20,4,2,327,13.941
16:23:20,3,4,326,-1.488
16:23:20,4,6,326,82.868
16:23:20,4,3,327,-16.374
16:23:21,4,1,328,44.101
16:23:21,2,5,327,-34.641
16:23:21,4,2,328,13.965
16:23:21,3,4,327,-1.513
16:23:21,4,6,327,83.043
16:23:21,4,3,328,-16.515
16:23:22,2,5,328,-34.725
16:23:22,4,2,329,13.989
16:23:22,4,1,329,44.147
16:23:22,3,4,328,-1.538
16:23:22,4,6,328,83.218
16:23:22,4,3,329,-16.656
16:23:23,4,1,330,44.193
16:23:23,2,5,329,-34.809
16:23:23,4,2,330,14.013
16:23:23,3,4,329,-1.563
16:23:23,4,6,329,83.393
16:23:23,4,3,330,-16.797
16:23:24,4,2,331,14.037
16:23:24,4,1,331,44.239
16:23:24,2,5,330,-34.893
16:23:24,3,4,330,-1.588
16:23:24,4,6,330,83.568
16:23:24,4,3,331,-16.938
16:23:25,4,1,332,44.285
16:23:25,4,2,332,14.061
16:23:25,2,5,331,-34.977
16:23:25,3,4,331,-1.613
16:23:25,4,6,331,83.743
16:23:25,4,3,332,-17.079
16:23:26,4,1,333,44.331
16:23:26,2,5,332,-35.061
16:23:26,4,2,333,14.085
16:23:26,3,4,332,-1.638
16:23:26,4,6,332,83.918
16:23:26,4,3,333,-17.22
16:23:27,2,5,333,-35.145
16:23:27,4,1,334,44.377
16:23:27,4,2,334,14.109
16:23:27,3,4,333,-1.663
16:23:27,4,6,333,84.093
16:23:27,4,3,334,-17.361
16:23:28,4,1,335,44.423
16:23:28,2,5,334,-35.229
16:23:28,4,2,335,14.133
16:23:28,3,4,334,-1.688
16:23:28,4,6,334,84.268
16:23:28,4,3,335,-17.502
16:23:29,2,5,335,-35.313
16:23:29,4,1,336,44.469
16:23:29,4,2,336,14.157
16:23:29,3,4,335,-1.713
16:23:29,4,6,335,84.443
16:23:29,4,3,336,-17.643
16:23:30,2,5,336,-35.397
16:23:30,4,1,337,44.515
16:23:30,4,2,337,14.181
16:23:30,3,4,336,-1.738
16:23:30,4,6,336,84.618
16:23:30,4,3,337,-17.784
16:23:31,4,2,338,14.205
16:23:31,4,1,338,44.561
16:23:31,2,5,337,-35.481
16:23:31,3,4,337,-1.763
16:23:31,4,6,337,84.793
16:23:31,4,3,338,-17.925
16:23:32,4,2,339,14.229
16:23:32,4,1,339,44.607
16:23:32,2,5,338,-35.565
16:23:32,3,4,338,-1.788
16:23:32,4,6,338,84.968
16:23:32,4,3,339,-18.066
16:23:33,4,1,340,44.653
16:23:33,4,2,340,14.253
16:23:33,2,5,339,-35.649
16:23:33,3,4,339,-1.813
16:23:33,4,6,339,85.143
16:23:33,4,3,340,-18.207
16:23:34,4,1,341,44.699
16:23:34,4,2,341,14.277
16:23:34,2,5,340,-35.733
16:23:34,3,4,340,-1.838
16:23:34,4,6,340,85.318
16:23:34,4,3,341,-18.348
16:23:35,2,5,341,-35.817
16:23:35,4,1,342,44.745
16:23:35,4,2,342,14.301
16:23:35,3,4,341,-1.863
16:23:35,4,6,341,85.493
16:23:35,4,3,342,-18.489
16:23:36,2,5,342,-35.901
16:23:36,4,1,343,44.791
16:23:36,4,2,343,14.325
16:23:36,3,4,342,-1.888
16:23:36,4,6,342,85.668
16:23:36,4,3,343,-18.63
16:23:37,2,5,343,-35.985
16:23:37,4,1,344,44.837
16:23:37,4,2,344,14.349
16:23:37,3,4,343,-1.913
16:23:37,4,6,343,85.843
16:23:37,4,3,344,-18.771
16:23:38,2,5,344,-36.069
16:23:38,4,1,345,44.883
16:23:38,4,2,345,14.373
16:23:38,3,4,344,-1.938
16:23:38,4,6,344,86.018
16:23:38,4,3,345,-18.912
16:23:39,2,5,345,-36.153
16:23:39,4,1,346,44.929
16:23:39,4,2,346,14.397
16:23:39,3,4,345,-1.963
16:23:39,4,6,345,86.193
16:23:39,4,3,346,-19.053
16:23:40,2,5,346,-36.237
16:23:40,4,1,347,44.975
16:23:40,4,2,347,14.421
16:23:40,3,4,346,-1.988
16:23:40,4,6,346,86.368
16:23:40,4,3,347,-19.194
16:23:41,2,5,347,-36.321
16:23:41,4,1,348,45.021
16:23:41,4,2,348,14.445
16:23:41,3,4,347,-2.013
16:23:41,4,6,347,86.543
16:23:41,4,3,348,-19.335
16:23:42,2,5,348,-36.405
16:23:42,4,1,349,45.067
16:23:42,4,2,349,14.469
16:23:42,3,4,348,-2.038
16:23:42,4,6,348,86.718
16:23:42,4,3,349,-19.476
16:23:43,2,5,349,-36.489
16:23:43,4,1,350,45.113
16:23:43,4,2,350,14.493
16:23:43,3,4,349,-2.063
16:23:43,4,6,349,86.893
16:23:43,4,3,350,-19.617
16:23:44,2,5,350,-36.573
16:23:44,4,1,351,45.159
16:23:44,4,2,351,14.517
16:23:44,3,4,350,-2.088
16:23:44,4,6,350,87.068
16:23:44,4,3,351,-19.758
16:23:45,2,5,351,-36.657
16:23:45,4,1,352,45.205
16:23:45,4,2,352,14.541
16:23:45,3,4,351,-2.113
16:23:45,4,6,351,87.243
16:23:45,4,3,352,-19.899
16:23:46,4,1,353,45.251
16:23:46,2,5,352,-36.741
16:23:46,4,2,353,14.565
16:23:46,3,4,352,-2.138
16:23:46,4,6,352,87.418
16:23:46,4,3,353,-20.04
16:23:47,2,5,353,-36.825
16:23:47,4,1,354,45.297
16:23:47,4,2,354,14.589
16:23:47,3,4,353,-2.163
16:23:47,4,6,353,87.593
16:23:47,4,3,354,-20.181
16:23:48,2,5,354,-36.909
16:23:48,4,1,355,45.343
16:23:48,4,2,355,14.613
16:23:48,3,4,354,-2.188
16:23:48,4,6,354,87.768
16:23:48,4,3,355,-20.322
16:23:49,2,5,355,-36.993
16:23:49,4,1,356,45.389
16:23:49,4,2,356,14.637
16:23:49,3,4,355,-2.213
16:23:49,4,6,355,87.943
16:23:49,4,3,356,-20.463
16:23:50,2,5,356,-37.077
16:23:50,4,2,357,14.661
16:23:50,4,1,357,45.435
16:23:50,3,4,356,-2.238
16:23:50,4,6,356,88.118
16:23:50,4,3,357,-20.604
16:23:51,2,5,357,-37.161
16:23:51,4,1,358,45.481
16:23:51,4,2,358,14.685
16:23:51,3,4,357,-2.263
16:23:51,4,6,357,88.293
16:23:51,4,3,358,-20.745
16:23:52,2,5,358,-37.245
16:23:52,4,2,359,14.709
16:23:52,4,1,359,45.527
16:23:52,3,4,358,-2.288
16:23:52,4,6,358,88.468
16:23:52,4,3,359,-20.886
16:23:53,2,5,359,-37.329
16:23:53,4,2,360,14.733
16:23:53,4,1,360,45.573
16:23:53,3,4,359,-2.313
16:23:53,4,6,359,88.643
16:23:53,4,3,360,-21.027
16:23:54,2,5,360,-37.413
16:23:54,4,2,361,14.757
16:23:54,4,1,361,45.619
16:23:54,3,4,360,-2.338
16:23:54,4,6,360,88.818
16:23:54,4,3,361,-21.168
16:23:55,2,5,361,-37.497
16:23:55,4,2,362,14.781
16:23:55,4,1,362,45.665
16:23:55,3,4,361,-2.363
16:23:55,4,6,361,88.993
16:23:55,4,3,362,-21.309
16:23:56,2,5,362,-37.581
16:23:56,4,2,363,14.805
16:23:56,4,1,363,45.711
16:23:56,3,4,362,-2.388
16:23:56,4,6,362,89.168
16:23:56,4,3,363,-21.45
16:23:57,2,5,363,-37.665
16:23:57,4,2,364,14.829
16:23:57,4,1,364,45.757
16:23:57,3,4,363,-2.413
16:23:57,4,6,363,89.343
16:23:57,4,3,364,-21.591
16:23:58,2,5,364,-37.749
16:23:58,4,1,365,45.803
16:23:58,4,2,365,14.853
16:23:58,3,4,364,-2.438
16:23:58,4,6,364,89.518
16:23:58,4,3,365,-21.732
16:23:59,4,1,366,45.849
16:23:59,4,2,366,14.877
16:23:59,2,5,365,-37.833
16:23:59,3,4,365,-2.463
16:23:59,4,6,365,89.693
16:23:59,4,3,366,-21.873
16:24:00,4,2,367,14.901
16:24:00,2,5,366,-37.917
16:24:00,4,1,367,45.895
16:24:00,3,4,366,-2.488
16:24:00,4,6,366,89.868
16:24:00,4,3,367,-22.014
16:24:01,4,2,368,14.925
16:24:01,2,5,367,-38.001
16:24:01,4,1,368,45.941
16:24:01,3,4,367,-2.513
16:24:01,4,6,367,90.043
16:24:01,4,3,368,-22.155
16:24:02,4,2,369,14.949
16:24:02,2,5,368,-38.085
16:24:02,4,1,369,45.987
16:24:02,3,4,368,-2.538
16:24:02,4,6,368,90.218
16:24:02,4,3,369,-22.296
16:24:03,4,2,370,14.973
16:24:03,2,5,369,-38.169
16:24:03,4,1,370,46.033
16:24:03,3,4,369,-2.563
16:24:03,4,6,369,90.393
16:24:03,4,3,370,-22.437
16:24:04,4,2,371,14.997
16:24:04,4,1,371,46.079
16:24:04,2,5,370,-38.253
16:24:04,3,4,370,-2.588
16:24:04,4,6,370,90.568
16:24:04,4,3,371,-22.578
16:24:05,4,2,372,15.021
16:24:05,4,1,372,46.125
16:24:05,2,5,371,-38.337
16:24:05,3,4,371,-2.613
16:24:05,4,6,371,90.743
16:24:05,4,3,372,-22.719
16:24:06,4,2,373,15.045
16:24:06,4,1,373,46.171
16:24:06,2,5,372,-38.421
16:24:06,3,4,372,-2.638
16:24:06,4,6,372,90.918
16:24:06,4,3,373,-22.86
16:24:07,4,2,374,15.069
16:24:07,2,5,373,-38.505
16:24:07,4,1,374,46.217
16:24:07,3,4,373,-2.663
16:24:07,4,6,373,91.093
16:24:07,4,3,374,-23.001
16:24:08,4,2,375,15.093
16:24:08,2,5,374,-38.589
16:24:08,4,1,375,46.263
16:24:08,3,4,374,-2.688
16:24:08,4,6,374,91.268
16:24:08,4,3,375,-23.142
16:24:09,4,2,376,15.117
16:24:09,2,5,375,-38.673
16:24:09,4,1,376,46.309
16:24:09,3,4,375,-2.713
16:24:09,4,6,375,91.443
16:24:09,4,3,376,-23.283
16:24:10,4,2,377,15.141
16:24:10,2,5,376,-38.757
16:24:10,4,1,377,46.355
16:24:10,3,4,376,-2.738
16:24:10,4,6,376,91.618
16:24:10,4,3,377,-23.424
16:24:11,4,2,378,15.165
16:24:11,2,5,377,-38.841
16:24:11,4,1,378,46.401
16:24:11,3,4,377,-2.763
16:24:11,4,6,377,91.793
16:24:11,4,3,378,-23.565
16:24:12,4,2,379,15.189
16:24:12,2,5,378,-38.925
16:24:12,4,1,379,46.447
16:24:12,3,4,378,-2.788
16:24:12,4,6,378,91.968
16:24:12,4,3,379,-23.706
16:24:13,4,2,380,15.213
16:24:13,3,4,379,-2.813
16:24:13,2,5,379,-39.009
16:24:13,4,1,380,46.493
16:24:13,4,6,379,92.143
16:24:13,4,3,380,-23.847
16:24:14,4,2,381,15.237
16:24:14,3,4,380,-2.838
16:24:14,2,5,380,-39.093
16:24:14,4,1,381,46.539
16:24:14,4,6,380,92.318
16:24:14,4,3,381,-23.988
16:24:15,4,2,382,15.261
16:24:15,4,1,382,46.585
16:24:15,2,5,381,-39.177
16:24:15,3,4,381,-2.863
16:24:15,4,6,381,92.493
16:24:15,4,3,382,-24.129
16:24:16,4,2,383,15.285
16:24:16,4,1,383,46.631
16:24:16,3,4,382,-2.888
16:24:16,2,5,382,-39.261
16:24:16,4,6,382,92.668
16:24:16,4,3,383,-24.27
16:24:17,4,2,384,15.309
16:24:17,2,5,383,-39.345
16:24:17,3,4,383,-2.913
16:24:17,4,1,384,46.677
16:24:17,4,6,383,92.843
16:24:17,4,3,384,-24.411
16:24:18,4,2,385,15.333
16:24:18,4,1,385,46.723
16:24:18,2,5,384,-39.429
16:24:18,3,4,384,-2.938
16:24:18,4,6,384,93.018
16:24:18,4,3,385,-24.552
16:24:19,4,2,386,15.357
16:24:19,4,1,386,46.769
16:24:19,2,5,385,-39.513
16:24:19,3,4,385,-2.963
16:24:19,4,6,385,93.193
16:24:19,4,3,386,-24.693
16:24:20,4,2,387,15.381
16:24:20,4,1,387,46.815
16:24:20,2,5,386,-39.597
16:24:20,3,4,386,-2.988
16:24:20,4,6,386,93.368
16:24:20,4,3,387,-24.834
16:24:21,4,2,388,15.405
16:24:21,2,5,387,-39.681
16:24:21,4,1,388,46.861
16:24:21,3,4,387,-3.013
16:24:21,4,6,387,93.543
16:24:21,4,3,388,-24.975
16:24:22,4,2,389,15.429
16:24:22,2,5,388,-39.765
16:24:22,4,1,389,46.907
16:24:22,3,4,388,-3.038
16:24:22,4,6,388,93.718
16:24:22,4,3,389,-25.116
16:24:23,4,2,390,15.453
16:24:23,2,5,389,-39.849
16:24:23,3,4,389,-3.063
16:24:23,4,1,390,46.953
16:24:23,4,6,389,93.893
16:24:23,4,3,390,-25.257
16:24:24,4,2,391,15.477
16:24:24,2,5,390,-39.933
16:24:24,3,4,390,-3.088
16:24:24,4,1,391,46.999
16:24:24,4,6,390,94.068
16:24:24,4,3,391,-25.398
16:24:25,4,2,392,15.501
16:24:25,3,4,391,-3.113
16:24:25,2,5,391,-40.017
16:24:25,4,1,392,47.045
16:24:25,4,6,391,94.243
16:24:25,4,3,392,-25.539
16:24:26,4,2,393,15.525
16:24:26,4,1,393,47.091
16:24:26,3,4,392,-3.138
16:24:26,2,5,392,-40.101
16:24:26,4,6,392,94.418
16:24:26,4,3,393,-25.68
16:24:27,4,2,394,15.549
16:24:27,4,1,394,47.137
16:24:27,3,4,393,-3.163
16:24:27,2,5,393,-40.185
16:24:27,4,6,393,94.593
16:24:27,4,3,394,-25.821
16:24:28,4,2,395,15.573
16:24:28,2,5,394,-40.269
16:24:28,4,1,395,47.183
16:24:28,3,4,394,-3.188
16:24:28,4,6,394,94.768
16:24:28,4,3,395,-25.962
16:24:29,4,2,396,15.597
16:24:29,2,5,395,-40.353
16:24:29,4,1,396,47.229
16:24:29,3,4,395,-3.213
16:24:29,4,6,395,94.943
16:24:29,4,3,396,-26.103
16:24:30,4,2,397,15.621
16:24:30,4,1,397,47.275
16:24:30,2,5,396,-40.437
16:24:30,3,4,396,-3.238
16:24:30,4,6,396,95.118
16:24:30,4,3,397,-26.244
16:24:31,4,2,398,15.645
16:24:31,4,1,398,47.321
16:24:31,2,5,397,-40.521
16:24:31,3,4,397,-3.263
16:24:31,4,6,397,95.293
16:24:31,4,3,398,-26.385
16:24:32,4,2,399,15.669
16:24:32,4,1,399,47.367
16:24:32,2,5,398,-40.605
16:24:32,3,4,398,-3.288
16:24:32,4,6,398,95.468
16:24:32,4,3,399,-26.526
16:24:33,4,2,400,15.693
16:24:33,2,5,399,-40.689
16:24:33,4,1,400,47.413
16:24:33,3,4,399,-3.313
16:24:33,4,6,399,95.643
16:24:33,4,3,400,-26.667
16:24:34,4,2,401,15.717
16:24:34,2,5,400,-40.773
16:24:34,4,1,401,47.459
16:24:34,3,4,400,-3.338
16:24:34,4,6,400,95.818
16:24:34,4,3,401,-26.808
16:24:35,4,2,402,15.741
16:24:35,2,5,401,-40.857
16:24:35,4,1,402,47.505
16:24:35,3,4,401,-3.363
16:24:35,4,6,401,95.993
16:24:36,4,3,402,-26.949
16:24:36,4,2,403,15.765
16:24:36,4,1,403,47.551
16:24:36,2,5,402,-40.941
16:24:36,3,4,402,-3.388
16:24:36,4,6,402,96.168
16:24:37,4,3,403,-27.09
16:24:37,4,2,404,15.789
16:24:37,2,5,403,-41.025
16:24:37,4,1,404,47.597
16:24:37,3,4,403,-3.413
16:24:37,4,6,403,96.343
16:24:38,4,3,404,-27.231
16:24:38,4,2,405,15.813
16:24:38,2,5,404,-41.109
16:24:38,4,1,405,47.643
16:24:38,3,4,404,-3.438
16:24:38,4,6,404,96.518
16:24:39,4,3,405,-27.372
16:24:39,4,2,406,15.837
16:24:39,2,5,405,-41.193
16:24:39,4,1,406,47.689
16:24:39,3,4,405,-3.463
16:24:39,4,6,405,96.693
16:24:40,4,3,406,-27.513
16:24:40,4,2,407,15.861
16:24:40,4,1,407,47.735
16:24:40,2,5,406,-41.277
16:24:40,3,4,406,-3.488
16:24:40,4,6,406,96.868
16:24:41,4,3,407,-27.654
16:24:41,4,2,408,15.885
16:24:41,4,1,408,47.781
16:24:41,2,5,407,-41.361
16:24:41,3,4,407,-3.513
16:24:41,4,6,407,97.043
16:24:42,4,3,408,-27.795
16:24:42,4,2,409,15.909
16:24:42,4,1,409,47.827
16:24:42,2,5,408,-41.445
16:24:42,3,4,408,-3.538
16:24:42,4,6,408,97.218
16:24:43,4,3,409,-27.936
16:24:43,4,2,410,15.933
16:24:43,2,5,409,-41.529
16:24:43,4,1,410,47.873
16:24:43,3,4,409,-3.563
16:24:43,4,6,409,97.393
16:24:44,4,3,410,-28.077
16:24:44,4,2,411,15.957
16:24:44,2,5,410,-41.613
16:24:44,4,1,411,47.919
16:24:44,3,4,410,-3.588
16:24:44,4,6,410,97.568
16:24:45,4,3,411,-28.218
16:24:45,4,2,412,15.981
16:24:45,2,5,411,-41.697
16:24:45,4,1,412,47.965
16:24:45,3,4,411,-3.613
16:24:45,4,6,411,97.743
16:24:46,4,3,412,-28.359
16:24:46,4,2,413,16.005
16:24:46,2,5,412,-41.781
16:24:46,4,1,413,48.011
16:24:46,3,4,412,-3.638
16:24:46,4,6,412,97.918
16:24:47,4,3,413,-28.5
