czas,wezel,sensor,seq,temperatura,t_sym
16:42:43,1,1,1,-0.067,0.03
16:42:43,1,2,1,33.245,0.34
16:42:44,3,3,1,22.516,0.67
16:42:44,4,4,1,-6.928,0.99
16:42:44,1,1,2,-0.175,1.05
16:42:44,1,5,1,22.287,1.32
16:42:44,1,2,2,33.431,1.36
16:42:44,4,6,1,36.316,1.65
16:42:44,3,3,2,22.457,1.69
16:42:44,4,4,2,-6.983,2.0
16:42:44,1,1,3,-0.283,2.06
16:42:44,1,5,2,22.175,2.34
16:42:44,1,2,3,33.617,2.38
16:42:44,4,6,2,36.419,2.68
16:42:44,3,3,3,22.398,2.73
16:42:44,4,4,3,-7.038,3.01
16:42:44,1,1,4,-0.391,3.08
16:42:44,1,5,3,22.063,3.36
16:42:44,1,2,4,33.803,3.41
16:42:44,4,6,3,36.522,3.68
16:42:44,3,3,4,22.339,3.75
16:42:44,1,1,5,-0.499,4.1
16:42:44,1,5,4,21.951,4.39
16:42:44,1,2,5,33.989,4.42
16:42:44,4,6,4,36.625,4.72
16:42:44,3,3,5,22.28,4.78
16:42:44,1,1,6,-0.607,5.11
16:42:44,1,5,5,21.839,5.4
16:42:44,1,2,6,34.175,5.43
16:42:45,4,6,5,36.728,5.74
16:42:45,3,3,6,22.221,5.8
16:42:45,1,1,7,-0.715,6.13
16:42:45,1,5,6,21.727,6.42
16:42:45,1,2,7,34.361,6.45
16:42:45,4,6,6,36.831,6.76
16:42:45,3,3,7,22.162,6.82
16:42:45,1,1,8,-0.823,7.16
16:42:45,1,5,7,21.615,7.43
16:42:45,1,2,8,34.547,7.47
16:42:45,4,6,7,36.934,7.78
16:42:45,3,3,8,22.103,7.83
16:42:45,1,1,9,-0.931,8.18
16:42:45,1,5,8,21.503,8.46
16:42:45,1,2,9,34.733,8.5
16:42:45,4,6,8,37.037,8.8
16:42:45,3,3,9,22.044,8.86
16:42:45,2,4,9,-7.368,9.14
16:42:45,1,1,10,-1.039,9.2
16:42:45,1,5,9,21.391,9.47
16:42:45,1,2,10,34.919,9.5
16:42:45,4,6,9,37.14,9.8
16:42:45,3,3,10,21.985,9.88
16:42:45,2,4,10,-7.423,10.15
16:42:45,1,1,11,-1.147,10.2
16:42:45,1,5,10,21.279,10.48
16:42:45,1,2,11,35.105,10.51
16:42:46,4,6,10,37.243,10.83
16:42:46,3,3,11,21.926,10.88
16:42:46,2,4,11,-7.478,11.19
16:42:46,1,5,11,21.167,11.49
16:42:46,1,2,12,35.291,11.51
16:42:46,4,6,11,37.346,11.84
16:42:46,3,3,12,21.867,11.9
16:42:46,2,4,12,-7.533,12.19
16:42:46,1,5,12,21.055,12.52
16:42:46,1,2,13,35.477,12.54
16:42:46,4,6,12,37.449,12.87
16:42:46,3,3,13,21.808,12.92
16:42:46,2,4,13,-7.588,13.21
16:42:46,1,5,13,20.943,13.55
16:42:46,1,2,14,35.663,13.57
16:42:46,4,6,13,37.552,13.88
16:42:46,3,3,14,21.749,13.93
16:42:46,2,4,14,-7.643,14.23
16:42:46,1,5,14,20.831,14.57
16:42:46,1,2,15,35.849,14.59
16:42:46,4,6,14,37.655,14.89
16:42:46,3,3,15,21.69,14.95
16:42:46,2,4,15,-7.698,15.26
16:42:46,1,5,15,20.719,15.59
16:42:46,1,2,16,36.035,15.61
16:42:47,4,6,15,37.758,15.92
16:42:47,3,3,16,21.631,15.98
16:42:47,2,4,16,-7.753,16.27
16:42:47,4,1,17,-1.795,16.36
16:42:47,1,5,16,20.607,16.62
16:42:47,1,2,17,36.221,16.62
16:42:47,4,6,16,37.861,16.94
16:42:47,3,3,17,21.572,16.99
16:42:47,2,4,17,-7.808,17.3
16:42:47,4,1,18,-1.903,17.35
16:42:47,1,5,17,20.495,17.62
16:42:47,1,2,18,36.407,17.65
16:42:47,4,6,17,37.964,17.97
16:42:47,3,3,18,21.513,18.02
16:42:47,2,4,18,-7.863,18.32
16:42:47,4,1,19,-2.011,18.37
16:42:47,1,5,18,20.383,18.63
16:42:47,1,2,19,36.593,18.67
16:42:47,4,6,18,38.067,18.98
16:42:47,2,4,19,-7.918,19.35
16:42:47,4,1,20,-2.119,19.38
16:42:47,1,5,19,20.271,19.65
16:42:47,1,2,20,36.779,19.68
16:42:47,4,6,19,38.17,19.99
16:42:47,2,4,20,-7.973,20.36
16:42:47,4,1,21,-2.227,20.4
16:42:48,1,5,20,20.159,20.68
16:42:48,1,2,21,36.965,20.7
16:42:48,4,6,20,38.273,21.0
16:42:48,2,4,21,-8.028,21.38
16:42:48,4,1,22,-2.335,21.42
16:42:48,1,5,21,20.047,21.7
16:42:48,1,2,22,37.151,21.72
16:42:48,4,6,21,38.376,22.03
16:42:48,2,4,22,-8.083,22.4
16:42:48,4,1,23,-2.443,22.44
16:42:48,1,2,23,37.337,22.72
16:42:48,1,5,22,19.935,22.72
16:42:48,4,6,22,38.479,23.03
16:42:48,2,4,23,-8.138,23.4
16:42:48,1,2,24,37.523,23.75
16:42:48,4,6,23,38.582,24.06
16:42:48,2,4,24,-8.193,24.43
16:42:48,1,2,25,37.709,24.76
16:42:48,4,6,24,38.685,25.08
16:42:48,1,3,25,21.1,25.13
16:42:48,2,4,25,-8.248,25.45
16:42:49,1,2,26,37.895,25.78
16:42:49,4,6,25,38.788,26.09
16:42:49,1,3,26,21.041,26.15
16:42:49,2,4,26,-8.303,26.46
16:42:49,1,2,27,38.081,26.79
16:42:49,4,6,26,38.891,27.12
16:42:49,1,3,27,20.982,27.18
16:42:49,2,4,27,-8.358,27.47
16:42:49,1,2,28,38.267,27.81
16:42:49,4,6,27,38.994,28.14
16:42:49,1,3,28,20.923,28.19
16:42:49,2,4,28,-8.413,28.5
16:42:49,1,2,29,38.453,28.85
16:42:49,4,6,28,39.097,29.14
16:42:49,1,3,29,20.864,29.24
16:42:49,2,4,29,-8.468,29.52
16:42:49,1,2,30,38.639,29.91
16:42:49,2,5,29,19.151,29.92
16:42:49,4,6,29,39.2,30.19
16:42:49,1,3,30,20.805,30.32
16:42:49,2,4,30,-8.523,30.56
16:42:49,3,1,31,-3.307,30.61
16:42:50,1,2,31,38.825,30.91
16:42:50,2,5,30,19.039,30.92
16:42:50,4,6,30,39.303,31.17
16:42:50,1,3,31,20.746,31.46
16:42:50,2,4,31,-8.578,31.59
16:42:50,3,1,32,-3.415,31.59
16:42:50,1,2,32,39.011,31.92
16:42:50,2,5,31,18.927,31.98
16:42:50,4,6,31,39.406,32.19
16:42:50,1,3,32,20.687,32.49
16:42:50,2,4,32,-8.633,32.59
16:42:50,3,1,33,-3.523,32.61
16:42:50,1,2,33,39.197,32.95
16:42:50,2,5,32,18.815,33.01
16:42:50,4,6,32,39.509,33.21
16:42:50,1,3,33,20.628,33.51
16:42:50,2,4,33,-8.688,33.61
16:42:50,3,1,34,-3.631,33.64
16:42:50,1,2,34,39.383,33.96
16:42:50,2,5,33,18.703,34.04
16:42:50,4,6,33,39.612,34.22
16:42:50,1,3,34,20.569,34.52
16:42:50,2,4,34,-8.743,34.62
16:42:50,3,1,35,-3.739,34.64
16:42:50,1,2,35,39.569,34.99
16:42:50,2,5,34,18.591,35.06
16:42:50,4,6,34,39.715,35.26
16:42:50,1,3,35,20.51,35.54
16:42:51,2,4,35,-8.798,35.63
16:42:51,3,1,36,-3.847,35.64
16:42:51,1,2,36,39.755,36.01
16:42:51,2,5,35,18.479,36.07
16:42:51,4,6,35,39.818,36.27
16:42:51,1,3,36,20.451,36.56
16:42:51,3,1,37,-3.955,36.66
16:42:51,2,4,36,-8.853,36.66
16:42:51,1,2,37,39.941,37.01
16:42:51,2,5,36,18.367,37.08
16:42:51,4,6,36,39.921,37.32
16:42:51,1,3,37,20.392,37.58
16:42:51,2,4,37,-8.908,37.68
16:42:51,3,1,38,-4.063,37.68
16:42:51,1,2,38,40.127,38.03
16:42:51,2,5,37,18.255,38.09
16:42:51,4,6,37,40.024,38.34
16:42:51,1,3,38,20.333,38.61
16:42:51,2,4,38,-8.963,38.71
16:42:51,3,1,39,-4.171,38.71
16:42:51,1,2,39,40.313,39.05
16:42:51,2,5,38,18.143,39.11
16:42:51,4,6,38,40.127,39.35
16:42:51,1,3,39,20.274,39.61
16:42:51,3,1,40,-4.279,39.73
16:42:51,2,4,39,-9.018,39.73
16:42:51,1,2,40,40.499,40.06
16:42:51,2,5,39,18.031,40.14
16:42:51,4,6,39,40.23,40.37
16:42:52,1,3,40,20.215,40.62
16:42:52,2,4,40,-9.073,40.73
16:42:52,3,1,41,-4.387,40.75
16:42:52,1,2,41,40.685,41.08
16:42:52,2,5,40,17.919,41.15
16:42:52,4,6,40,40.333,41.4
16:42:52,1,3,41,20.156,41.63
16:42:52,2,4,41,-9.128,41.73
16:42:52,3,1,42,-4.495,41.75
16:42:52,1,2,42,40.871,42.1
16:42:52,2,5,41,17.807,42.17
16:42:52,4,6,41,40.436,42.39
16:42:52,1,3,42,20.097,42.65
16:42:52,2,4,42,-9.183,42.76
16:42:52,3,1,43,-4.603,42.79
16:42:52,1,2,43,41.057,43.12
16:42:52,2,5,42,17.695,43.18
16:42:52,4,6,42,40.539,43.42
16:42:52,1,3,43,20.038,43.67
16:42:52,2,4,43,-9.238,43.78
16:42:52,3,1,44,-4.711,43.81
16:42:52,1,2,44,41.243,44.13
16:42:52,2,5,43,17.583,44.2
16:42:52,4,6,43,40.642,44.44
16:42:52,1,3,44,19.979,44.7
16:42:52,2,4,44,-9.293,44.79
16:42:52,3,1,45,-4.819,44.81
16:42:52,1,2,45,41.429,45.13
16:42:52,2,5,44,17.471,45.21
16:42:52,4,6,44,40.745,45.47
16:42:53,1,3,45,19.92,45.7
16:42:53,2,4,45,-9.348,45.8
16:42:53,3,1,46,-4.927,45.84
16:42:53,1,2,46,41.615,46.16
16:42:53,2,5,45,17.359,46.24
16:42:53,4,6,45,40.848,46.5
16:42:53,1,3,46,19.861,46.72
16:42:53,2,4,46,-9.403,46.8
16:42:53,3,1,47,-5.035,46.85
16:42:53,1,2,47,41.801,47.18
16:42:53,2,5,46,17.247,47.26
16:42:53,4,6,46,40.951,47.51
16:42:53,1,3,47,19.802,47.75
16:42:53,2,4,47,-9.458,47.83
16:42:53,3,1,48,-5.143,47.85
16:42:53,1,2,48,41.987,48.2
16:42:53,4,6,47,41.054,48.53
16:42:53,1,3,48,19.743,48.77
16:42:53,2,4,48,-9.513,48.84
16:42:53,3,1,49,-5.251,48.88
16:42:53,1,2,49,42.173,49.22
16:42:53,4,6,48,41.157,49.53
16:42:53,1,3,49,19.684,49.79
16:42:53,2,4,49,-9.568,49.87
16:42:53,3,1,50,-5.359,49.9
16:42:53,1,2,50,42.359,50.23
16:42:53,4,6,49,41.26,50.56
16:42:54,1,3,50,19.625,50.81
16:42:54,2,4,50,-9.623,50.87
16:42:54,3,1,51,-5.467,50.93
16:42:54,1,2,51,42.545,51.24
16:42:54,4,6,50,41.363,51.56
16:42:54,1,3,51,19.566,51.84
16:42:54,2,4,51,-9.678,51.89
16:42:54,3,1,52,-5.575,51.94
16:42:54,1,2,52,42.731,52.27
16:42:54,4,6,51,41.466,52.58
16:42:54,1,3,52,19.507,52.84
16:42:54,2,4,52,-9.733,52.9
16:42:54,3,1,53,-5.683,52.97
16:42:54,1,2,53,42.917,53.29
16:42:54,4,6,52,41.569,53.61
16:42:54,1,3,53,19.448,53.87
16:42:54,2,4,53,-9.788,53.93
16:42:54,3,1,54,-5.791,53.99
16:42:54,1,2,54,43.103,54.32
16:42:54,3,5,53,16.463,54.44
16:42:54,4,6,53,41.672,54.63
16:42:54,1,3,54,19.389,54.89
16:42:54,2,4,54,-9.843,54.95
16:42:54,3,1,55,-5.899,55.02
16:42:54,1,2,55,43.289,55.34
16:42:54,3,5,54,16.351,55.46
16:42:55,4,6,54,41.775,55.66
16:42:55,1,3,55,19.33,55.92
16:42:55,2,4,55,-9.898,55.97
16:42:55,3,1,56,-6.007,56.05
16:42:55,1,2,56,43.475,56.36
16:42:55,3,5,55,16.239,56.48
16:42:55,4,6,55,41.878,56.68
16:42:55,1,3,56,19.271,56.94
16:42:55,2,4,56,-9.953,56.98
16:42:55,3,1,57,-6.115,57.05
16:42:55,1,2,57,43.661,57.39
16:42:55,3,5,56,16.127,57.5
16:42:55,4,6,56,41.981,57.71
16:42:55,1,3,57,19.212,57.96
16:42:55,2,4,57,-10.008,58.0
16:42:55,3,1,58,-6.223,58.08
16:42:55,1,2,58,43.847,58.41
16:42:55,3,5,57,16.015,58.53
16:42:55,4,6,57,42.084,58.71
16:42:55,1,3,58,19.153,58.97
16:42:55,2,4,58,-10.063,59.02
16:42:55,3,1,59,-6.331,59.1
16:42:55,1,2,59,44.033,59.42
16:42:55,3,5,58,15.903,59.54
16:42:55,4,6,58,42.187,59.74
16:42:55,1,3,59,19.094,60.0
16:42:55,2,4,59,-10.118,60.03
16:42:55,3,1,60,-6.439,60.12
16:42:55,1,2,60,44.219,60.42
16:42:55,3,5,59,15.791,60.56
16:42:56,4,6,59,42.29,60.75
16:42:56,1,3,60,19.035,61.02
16:42:56,2,4,60,-10.173,61.05
16:42:56,3,1,61,-6.547,61.12
16:42:56,1,2,61,44.405,61.44
16:42:56,3,5,60,15.679,61.58
16:42:56,4,6,60,42.393,61.76
16:42:56,1,3,61,18.976,62.05
16:42:56,2,4,61,-10.228,62.08
16:42:56,3,1,62,-6.655,62.15
16:42:56,1,2,62,44.591,62.47
16:42:56,3,5,61,15.567,62.6
16:42:56,4,6,61,42.496,62.78
16:42:56,1,3,62,18.917,63.07
16:42:56,2,4,62,-10.283,63.09
16:42:56,3,1,63,-6.763,63.17
16:42:56,1,2,63,44.777,63.5
16:42:56,3,5,62,15.455,63.6
16:42:56,4,6,62,42.599,63.81
16:42:56,1,3,63,18.858,64.09
16:42:56,2,4,63,-10.338,64.11
16:42:56,3,1,64,-6.871,64.17
16:42:56,1,2,64,44.963,64.5
16:42:56,3,5,63,15.343,64.63
16:42:56,4,6,63,42.702,64.81
16:42:56,1,3,64,18.799,65.11
16:42:56,2,4,64,-10.393,65.14
16:42:56,3,1,65,-6.979,65.2
16:42:56,1,2,65,45.149,65.53
16:42:57,3,5,64,15.231,65.65
16:42:57,4,6,64,42.805,65.84
16:42:57,1,3,65,18.74,66.12
16:42:57,2,4,65,-10.448,66.14
16:42:57,3,1,66,-7.087,66.22
16:42:57,1,2,66,45.335,66.56
16:42:57,3,5,65,15.119,66.67
16:42:57,4,6,65,42.908,66.86
16:42:57,1,3,66,18.681,67.14
16:42:57,2,4,66,-10.503,67.17
16:42:57,3,1,67,-7.195,67.25
16:42:57,1,2,67,45.521,67.58
16:42:57,3,5,66,15.007,67.7
16:42:57,4,6,66,43.011,67.87
16:42:57,1,3,67,18.622,68.16
16:42:57,2,4,67,-10.558,68.19
16:42:57,3,1,68,-7.303,68.27
16:42:57,1,2,68,45.707,68.61
16:42:57,3,5,67,14.895,68.72
16:42:57,4,6,67,43.114,68.89
16:42:57,1,3,68,18.563,69.18
16:42:57,2,4,68,-10.613,69.21
16:42:57,3,1,69,-7.411,69.29
16:42:57,1,2,69,45.893,69.63
16:42:57,3,5,68,14.783,69.75
16:42:57,4,6,68,43.217,69.9
16:42:57,1,3,69,18.504,70.18
16:42:57,2,4,69,-10.668,70.23
16:42:57,3,1,70,-7.519,70.29
16:42:58,1,2,70,46.079,70.64
16:42:58,3,5,69,14.671,70.77
16:42:58,4,6,69,43.32,70.92
16:42:58,1,3,70,18.445,71.2
16:42:58,2,4,70,-10.723,71.25
16:42:58,3,1,71,-7.627,71.32
16:42:58,1,2,71,46.265,71.67
16:42:58,3,5,70,14.559,71.79
16:42:58,4,6,70,43.423,71.93
16:42:58,1,3,71,18.386,72.21
16:42:58,2,4,71,-10.778,72.25
16:42:58,3,1,72,-7.735,72.34
16:42:58,1,2,72,46.451,72.67
16:42:58,3,5,71,14.447,72.8
16:42:58,4,6,71,43.526,72.96
16:42:58,1,3,72,18.327,73.23
16:42:58,2,4,72,-10.833,73.25
16:42:58,3,1,73,-7.843,73.35
16:42:58,1,2,73,46.637,73.69
16:42:58,3,5,72,14.335,73.83
16:42:58,4,6,72,43.629,73.98
16:42:58,1,3,73,18.268,74.25
16:42:58,2,4,73,-10.888,74.28
16:42:58,3,1,74,-7.951,74.38
16:42:58,1,2,74,46.823,74.71
16:42:58,3,5,73,14.223,74.85
16:42:58,4,6,73,43.732,75.0
16:42:58,1,3,74,18.209,75.28
16:42:58,2,4,74,-10.943,75.3
16:42:58,3,1,75,-8.059,75.41
16:42:59,1,2,75,47.009,75.74
16:42:59,3,5,74,14.111,75.88
16:42:59,4,6,74,43.835,76.0
16:42:59,1,3,75,18.15,76.29
16:42:59,2,4,75,-10.998,76.32
16:42:59,3,1,76,-8.167,76.43
16:42:59,1,2,76,47.195,76.74
16:42:59,3,5,75,13.999,76.9
16:42:59,4,6,75,43.938,77.03
16:42:59,1,3,76,18.091,77.31
16:42:59,2,4,76,-11.053,77.34
16:42:59,3,1,77,-8.275,77.46
16:42:59,1,2,77,47.381,77.76
16:42:59,3,5,76,13.887,77.92
16:42:59,4,6,76,44.041,78.06
16:42:59,1,3,77,18.032,78.33
16:42:59,2,4,77,-11.108,78.37
16:42:59,3,1,78,-8.383,78.48
16:42:59,1,2,78,47.567,78.79
16:42:59,3,5,77,13.775,78.93
16:42:59,4,6,77,44.144,79.08
16:42:59,1,3,78,17.973,79.35
16:42:59,2,4,78,-11.163,79.39
16:42:59,3,1,79,-8.491,79.5
16:42:59,1,2,79,47.753,79.79
16:42:59,3,5,78,13.663,79.93
16:42:59,4,6,78,44.247,80.09
16:42:59,1,3,79,17.914,80.37
16:42:59,2,4,79,-11.218,80.42
16:42:59,3,1,80,-8.599,80.5
16:43:00,1,2,80,47.939,80.81
16:43:00,3,5,79,13.551,80.93
16:43:00,4,6,79,44.35,81.11
16:43:00,1,3,80,17.855,81.39
16:43:00,2,4,80,-11.273,81.42
16:43:00,3,1,81,-8.707,81.51
16:43:00,1,2,81,48.125,81.84
16:43:00,3,5,80,13.439,81.96
16:43:00,4,6,80,44.453,82.14
16:43:00,1,3,81,17.796,82.4
16:43:00,2,4,81,-11.328,82.45
16:43:00,3,1,82,-8.815,82.53
16:43:00,1,2,82,48.311,82.86
16:43:00,3,5,81,13.327,82.99
16:43:00,4,6,81,44.556,83.14
16:43:00,1,3,82,17.737,83.43
16:43:00,3,1,83,-8.923,83.56
16:43:00,3,5,82,13.215,84.01
16:43:00,4,6,82,44.659,84.17
16:43:00,1,3,83,17.678,84.46
16:43:00,3,1,84,-9.031,84.58
16:43:00,3,5,83,13.103,85.02
16:43:00,4,6,83,44.762,85.19
16:43:00,1,3,84,17.619,85.48
16:43:00,3,1,85,-9.139,85.59
16:43:01,3,5,84,12.991,86.05
16:43:01,4,6,84,44.865,86.21
16:43:01,1,3,85,17.56,86.5
16:43:01,3,1,86,-9.247,86.6
16:43:01,3,5,85,12.879,87.05
16:43:01,4,6,85,44.968,87.24
16:43:01,1,3,86,17.501,87.52
16:43:01,3,1,87,-9.355,87.63
16:43:01,3,5,86,12.767,88.08
16:43:01,4,6,86,45.071,88.26
16:43:01,1,3,87,17.442,88.55
16:43:01,1,4,87,-11.658,88.57
16:43:01,3,1,88,-9.463,88.64
16:43:01,3,5,87,12.655,89.09
16:43:01,4,6,87,45.174,89.28
16:43:01,1,3,88,17.383,89.55
16:43:01,1,4,88,-11.713,89.58
16:43:01,3,1,89,-9.571,89.67
16:43:01,3,2,89,49.613,90.01
16:43:01,3,5,88,12.543,90.1
16:43:01,4,6,88,45.277,90.3
16:43:01,1,3,89,17.324,90.58
16:43:01,1,4,89,-11.768,90.59
16:43:02,3,1,90,-9.679,90.69
16:43:02,3,2,90,49.799,91.03
16:43:02,3,5,89,12.431,91.12
16:43:02,4,6,89,45.38,91.31
16:43:02,1,3,90,17.265,91.59
16:43:02,1,4,90,-11.823,91.6
16:43:02,3,1,91,-9.787,91.72
16:43:02,3,2,91,49.985,92.05
16:43:02,3,5,90,12.319,92.15
16:43:02,4,6,90,45.483,92.32
16:43:02,1,3,91,17.206,92.6
16:43:02,1,4,91,-11.878,92.63
16:43:02,3,1,92,-9.895,92.72
16:43:02,3,2,92,50.171,93.06
16:43:02,3,5,91,12.207,93.18
16:43:02,4,6,91,45.586,93.34
16:43:02,1,3,92,17.147,93.63
16:43:02,1,4,92,-11.933,93.65
16:43:02,3,1,93,-10.003,93.76
16:43:02,3,2,93,50.357,94.08
16:43:02,3,5,92,12.095,94.18
16:43:02,4,6,92,45.689,94.35
16:43:02,1,3,93,17.088,94.65
16:43:02,1,4,93,-11.988,94.68
16:43:02,3,1,94,-10.111,94.75
16:43:02,3,2,94,50.543,95.09
16:43:02,3,5,93,11.983,95.19
16:43:02,4,6,93,45.792,95.36
16:43:03,1,3,94,17.029,95.67
16:43:03,1,4,94,-12.043,95.68
16:43:03,3,1,95,-10.219,95.78
16:43:03,3,2,95,50.729,96.1
16:43:03,3,5,94,11.871,96.21
16:43:03,1,4,95,-12.098,96.69
16:43:03,1,3,95,16.97,96.69
16:43:03,3,1,96,-10.327,96.79
16:43:03,3,2,96,50.915,97.1
16:43:03,3,5,95,11.759,97.24
16:43:03,1,4,96,-12.153,97.71
16:43:03,1,3,96,16.911,97.71
16:43:03,3,1,97,-10.435,97.8
16:43:03,3,2,97,51.101,98.13
16:43:03,3,5,96,11.647,98.26
16:43:03,1,4,97,-12.208,98.73
16:43:03,1,3,97,16.852,98.73
16:43:03,3,1,98,-10.543,98.8
16:43:03,3,2,98,51.287,99.14
16:43:03,3,5,97,11.535,99.26
16:43:03,1,4,98,-12.263,99.73
16:43:03,1,3,98,16.793,99.75
16:43:03,3,2,99,51.473,100.16
16:43:03,3,5,98,11.423,100.29
16:43:04,1,3,99,16.734,100.74
16:43:04,1,4,99,-12.318,100.76
16:43:04,3,2,100,51.659,101.18
16:43:04,3,5,99,11.311,101.31
16:43:04,3,6,99,46.41,101.49
16:43:04,1,3,100,16.675,101.76
16:43:04,3,2,101,51.845,102.18
16:43:04,3,5,100,11.199,102.34
16:43:04,3,6,100,46.513,102.5
16:43:04,1,3,101,16.616,102.78
16:43:04,3,2,102,52.031,103.22
16:43:04,3,5,101,11.087,103.37
16:43:04,3,6,101,46.616,103.51
16:43:04,1,3,102,16.557,103.79
16:43:04,3,2,103,52.217,104.25
16:43:04,3,5,102,10.975,104.39
16:43:04,3,6,102,46.719,104.54
16:43:04,1,3,103,16.498,104.81
16:43:04,3,4,103,-12.538,104.82
16:43:04,3,2,104,52.403,105.27
16:43:04,3,5,103,10.863,105.39
16:43:04,3,6,103,46.822,105.55
16:43:05,1,3,104,16.439,105.83
16:43:05,3,4,104,-12.593,105.84
16:43:05,1,1,105,-11.299,105.97
16:43:05,3,2,105,52.589,106.3
16:43:05,3,5,104,10.751,106.4
16:43:05,3,6,104,46.925,106.57
16:43:05,3,4,105,-12.648,106.86
16:43:05,1,3,105,16.38,106.86
16:43:05,1,1,106,-11.407,106.97
16:43:05,3,2,106,52.775,107.32
16:43:05,3,5,105,10.639,107.42
16:43:05,3,6,105,47.028,107.59
16:43:05,1,3,106,16.321,107.86
16:43:05,3,4,106,-12.703,107.88
16:43:05,1,1,107,-11.515,107.98
16:43:05,3,2,107,52.961,108.34
16:43:05,3,5,106,10.527,108.44
16:43:05,3,6,106,47.131,108.61
16:43:05,1,3,107,16.262,108.89
16:43:05,3,4,107,-12.758,108.89
16:43:05,1,1,108,-11.623,109.0
16:43:05,3,2,108,53.147,109.34
16:43:05,3,5,107,10.415,109.46
16:43:05,3,6,107,47.234,109.61
16:43:05,1,3,108,16.203,109.9
16:43:05,3,4,108,-12.813,109.9
16:43:05,1,1,109,-11.731,110.03
16:43:05,3,2,109,53.333,110.36
16:43:05,3,5,108,10.303,110.46
16:43:06,3,6,108,47.337,110.63
16:43:06,1,3,109,16.144,110.93
16:43:06,3,4,109,-12.868,110.93
16:43:06,1,1,110,-11.839,111.05
16:43:06,3,2,110,53.519,111.38
16:43:06,3,5,109,10.191,111.49
16:43:06,3,6,109,47.44,111.66
16:43:06,3,4,110,-12.923,111.95
16:43:06,1,3,110,16.085,111.95
16:43:06,1,1,111,-11.947,112.08
16:43:06,3,2,111,53.705,112.4
16:43:06,3,5,110,10.079,112.51
16:43:06,3,6,110,47.543,112.68
16:43:06,3,4,111,-12.978,112.96
16:43:06,1,3,111,16.026,112.96
16:43:06,1,1,112,-12.055,113.11
16:43:06,3,2,112,53.891,113.42
16:43:06,3,5,111,9.967,113.54
16:43:06,3,6,111,47.646,113.71
16:43:06,3,4,112,-13.033,113.98
16:43:06,1,3,112,15.967,113.99
16:43:06,1,1,113,-12.163,114.12
16:43:06,3,2,113,54.077,114.44
16:43:06,3,5,112,9.855,114.55
16:43:06,3,6,112,47.749,114.73
16:43:06,3,4,113,-13.088,114.99
16:43:06,1,3,113,15.908,115.0
16:43:06,1,1,114,-12.271,115.13
16:43:06,3,2,114,54.263,115.47
16:43:06,3,5,113,9.743,115.57
16:43:07,3,6,113,47.852,115.75
16:43:07,1,3,114,15.849,116.01
16:43:07,3,4,114,-13.143,116.01
16:43:07,1,1,115,-12.379,116.14
16:43:07,3,2,115,54.449,116.49
16:43:07,3,5,114,9.631,116.61
16:43:07,3,6,114,47.955,116.75
16:43:07,1,3,115,15.79,117.02
16:43:07,3,4,115,-13.198,117.03
16:43:07,1,1,116,-12.487,117.14
16:43:07,3,2,116,54.635,117.51
16:43:07,3,5,115,9.519,117.63
16:43:07,3,6,115,48.058,117.76
16:43:07,1,3,116,15.731,118.04
16:43:07,3,4,116,-13.253,118.05
16:43:07,1,1,117,-12.595,118.16
16:43:07,3,2,117,54.821,118.53
16:43:07,3,5,116,9.407,118.64
16:43:07,3,6,116,48.161,118.79
16:43:07,3,4,117,-13.308,119.07
16:43:07,1,1,118,-12.703,119.18
16:43:07,3,2,118,55.007,119.55
16:43:07,3,5,117,9.295,119.65
16:43:07,3,6,117,48.264,119.81
16:43:07,3,4,118,-13.363,120.09
16:43:07,1,1,119,-12.811,120.21
16:43:07,3,2,119,55.193,120.58
16:43:08,3,5,118,9.183,120.66
16:43:08,3,6,118,48.367,120.84
16:43:08,3,4,119,-13.418,121.11
16:43:08,1,1,120,-12.919,121.22
16:43:08,3,2,120,55.379,121.59
16:43:08,3,5,119,9.071,121.67
16:43:08,3,6,119,48.47,121.86
16:43:08,3,4,120,-13.473,122.14
16:43:08,1,1,121,-13.027,122.25
16:43:08,3,2,121,55.565,122.61
16:43:08,3,5,120,8.959,122.67
16:43:08,3,6,120,48.573,122.89
16:43:08,3,4,121,-13.528,123.17
16:43:08,4,3,121,15.436,123.18
16:43:08,1,1,122,-13.135,123.27
16:43:08,3,2,122,55.751,123.64
16:43:08,3,5,121,8.847,123.7
16:43:08,3,6,121,48.676,123.91
16:43:08,3,4,122,-13.583,124.17
16:43:08,4,3,122,15.377,124.19
16:43:08,1,1,123,-13.243,124.3
16:43:08,3,2,123,55.937,124.66
16:43:08,3,5,122,8.735,124.72
16:43:08,3,6,122,48.779,124.93
16:43:08,3,4,123,-13.638,125.2
16:43:08,4,3,123,15.318,125.21
16:43:08,1,1,124,-13.351,125.32
16:43:09,3,2,124,56.123,125.67
16:43:09,3,5,123,8.623,125.74
16:43:09,3,6,123,48.882,125.94
16:43:09,3,4,124,-13.693,126.27
16:43:09,4,3,124,15.259,126.27
16:43:09,1,1,125,-13.459,126.35
16:43:09,3,2,125,56.309,126.67
16:43:09,3,5,124,8.511,126.77
16:43:09,3,6,124,48.985,126.97
16:43:09,3,4,125,-13.748,127.26
16:43:09,4,3,125,15.2,127.3
16:43:09,1,1,126,-13.567,127.37
16:43:09,3,2,126,56.495,127.68
16:43:09,3,5,125,8.399,127.79
16:43:09,3,6,125,49.088,127.99
16:43:09,4,3,126,15.141,128.36
16:43:09,3,4,126,-13.803,128.36
16:43:09,1,1,127,-13.675,128.39
16:43:09,3,2,127,56.681,128.68
16:43:09,3,5,126,8.287,128.82
16:43:09,3,6,126,49.191,129.0
16:43:09,3,4,127,-13.858,129.29
16:43:09,4,3,127,15.082,129.35
16:43:09,1,1,128,-13.783,129.41
16:43:09,3,2,128,56.867,129.71
16:43:09,3,5,127,8.175,129.84
16:43:09,3,6,127,49.294,130.03
16:43:09,3,4,128,-13.913,130.31
16:43:09,4,3,128,15.023,130.37
16:43:09,1,1,129,-13.891,130.42
16:43:10,3,2,129,57.053,130.72
16:43:10,3,5,128,8.063,130.86
16:43:10,3,4,129,-13.968,131.34
16:43:10,4,3,129,14.964,131.37
16:43:10,1,1,130,-13.999,131.43
16:43:10,3,2,130,57.239,131.74
16:43:10,3,5,129,7.951,131.86
16:43:10,3,4,130,-14.023,132.34
16:43:10,4,3,130,14.905,132.38
16:43:10,1,1,131,-14.107,132.45
16:43:10,3,2,131,57.425,132.77
16:43:10,3,5,130,7.839,132.89
16:43:10,3,4,131,-14.078,133.34
16:43:10,4,3,131,14.846,133.41
16:43:10,1,1,132,-14.215,133.48
16:43:10,3,2,132,57.611,133.79
16:43:10,3,5,131,7.727,133.9
16:43:10,3,4,132,-14.133,134.34
16:43:10,4,3,132,14.787,134.43
16:43:10,3,2,133,57.797,134.81
16:43:10,3,5,132,7.615,134.9
16:43:10,3,4,133,-14.188,135.37
16:43:10,4,3,133,14.728,135.46
16:43:11,3,2,134,57.983,135.83
16:43:11,3,5,133,7.503,135.9
16:43:11,1,6,133,49.912,136.16
16:43:11,3,4,134,-14.243,136.38
16:43:11,4,3,134,14.669,136.47
16:43:11,3,2,135,58.169,136.85
16:43:11,3,5,134,7.391,136.92
16:43:11,1,6,134,50.015,137.18
16:43:11,3,4,135,-14.298,137.41
16:43:11,4,3,135,14.61,137.5
16:43:11,3,1,136,-14.647,137.57
16:43:11,3,2,136,58.355,137.86
16:43:11,3,5,135,7.279,137.94
16:43:11,1,6,135,50.118,138.2
16:43:11,3,4,136,-14.353,138.43
16:43:11,4,3,136,14.551,138.51
16:43:11,3,1,137,-14.755,138.58
16:43:11,3,2,137,58.541,138.88
16:43:11,3,5,136,7.167,138.97
16:43:11,1,6,136,50.221,139.22
16:43:11,3,4,137,-14.408,139.43
16:43:11,4,3,137,14.492,139.54
16:43:11,3,1,138,-14.863,139.6
16:43:11,3,2,138,58.727,139.9
16:43:11,3,5,137,7.055,139.97
16:43:11,1,6,137,50.324,140.24
16:43:11,3,4,138,-14.463,140.46
16:43:11,4,3,138,14.433,140.56
16:43:12,3,1,139,-14.971,140.63
16:43:12,3,2,139,58.913,140.92
16:43:12,3,5,138,6.943,141.0
16:43:12,1,6,138,50.427,141.26
16:43:12,3,4,139,-14.518,141.48
16:43:12,4,3,139,14.374,141.59
16:43:12,3,1,140,-15.079,141.65
16:43:12,3,2,140,59.099,141.93
16:43:12,3,5,139,6.831,142.01
16:43:12,1,6,139,50.53,142.26
16:43:12,3,4,140,-14.573,142.5
16:43:12,4,3,140,14.315,142.59
16:43:12,3,1,141,-15.187,142.67
16:43:12,3,2,141,59.285,142.96
16:43:12,3,5,140,6.719,143.01
16:43:12,1,6,140,50.633,143.27
16:43:12,3,4,141,-14.628,143.53
16:43:12,4,3,141,14.256,143.6
16:43:12,3,1,142,-15.295,143.7
16:43:12,3,2,142,59.471,143.98
16:43:12,3,5,141,6.607,144.02
16:43:12,1,6,141,50.736,144.3
16:43:12,3,4,142,-14.683,144.56
16:43:12,4,3,142,14.197,144.6
16:43:12,3,1,143,-15.403,144.72
16:43:12,3,2,143,59.657,145.0
16:43:12,3,5,142,6.495,145.03
16:43:12,1,6,142,50.839,145.31
16:43:12,3,4,143,-14.738,145.58
16:43:13,4,3,143,14.138,145.63
16:43:13,3,1,144,-15.511,145.72
16:43:13,3,2,144,59.843,146.02
16:43:13,3,5,143,6.383,146.06
16:43:13,1,6,143,50.942,146.33
16:43:13,3,4,144,-14.793,146.6
16:43:13,4,3,144,14.079,146.64
16:43:13,3,1,145,-15.619,146.75
16:43:13,3,2,145,60.029,147.05
16:43:13,3,5,144,6.271,147.08
16:43:13,1,6,144,51.045,147.36
16:43:13,3,4,145,-14.848,147.62
16:43:13,4,3,145,14.02,147.66
16:43:13,3,1,146,-15.727,147.77
16:43:13,3,2,146,60.215,148.05
16:43:13,3,5,145,6.159,148.09
16:43:13,3,4,146,-14.903,148.63
16:43:13,4,3,146,13.961,148.69
16:43:13,3,1,147,-15.835,148.79
16:43:13,3,2,147,60.401,149.05
16:43:13,3,5,146,6.047,149.12
16:43:13,3,4,147,-14.958,149.64
16:43:13,4,3,147,13.902,149.71
16:43:13,3,1,148,-15.943,149.8
16:43:13,3,2,148,60.587,150.06
16:43:13,3,5,147,5.935,150.14
16:43:14,3,4,148,-15.013,150.67
16:43:14,4,3,148,13.843,150.73
16:43:14,3,1,149,-16.051,150.83
16:43:14,3,2,149,60.773,151.09
16:43:14,3,5,148,5.823,151.16
16:43:14,3,4,149,-15.068,151.69
16:43:14,4,3,149,13.784,151.76
16:43:14,3,1,150,-16.159,151.84
16:43:14,3,2,150,60.959,152.11
16:43:14,3,5,149,5.711,152.18
16:43:14,3,4,150,-15.123,152.72
16:43:14,4,3,150,13.725,152.78
16:43:14,3,1,151,-16.267,152.85
16:43:14,3,5,150,5.599,153.21
16:43:14,3,4,151,-15.178,153.74
16:43:14,4,3,151,13.666,153.8
16:43:14,3,1,152,-16.375,153.87
16:43:14,3,5,151,5.487,154.23
16:43:14,4,6,151,51.766,154.49
16:43:14,3,4,152,-15.233,154.75
16:43:14,4,3,152,13.607,154.81
16:43:14,3,1,153,-16.483,154.87
16:43:14,3,5,152,5.375,155.26
16:43:14,4,6,152,51.869,155.5
16:43:15,3,4,153,-15.288,155.78
16:43:15,4,3,153,13.548,155.81
16:43:15,3,1,154,-16.591,155.9
16:43:15,3,5,153,5.263,156.29
16:43:15,4,6,153,51.972,156.51
16:43:15,3,4,154,-15.343,156.79
16:43:15,4,3,154,13.489,156.84
16:43:15,3,1,155,-16.699,156.91
16:43:15,3,5,154,5.151,157.3
16:43:15,4,6,154,52.075,157.54
16:43:15,3,4,155,-15.398,157.81
16:43:15,4,3,155,13.43,157.86
16:43:15,3,1,156,-16.807,157.93
16:43:15,1,2,156,62.075,158.26
16:43:15,3,5,155,5.039,158.31
16:43:15,4,6,155,52.178,158.56
16:43:15,3,4,156,-15.453,158.83
16:43:15,4,3,156,13.371,158.88
16:43:15,3,1,157,-16.915,158.96
16:43:15,1,2,157,62.261,159.26
16:43:15,3,5,156,4.927,159.34
16:43:15,4,6,156,52.281,159.59
16:43:15,3,4,157,-15.508,159.84
16:43:15,4,3,157,13.312,159.89
16:43:15,3,1,158,-17.023,159.98
16:43:15,1,2,158,62.447,160.27
16:43:15,3,5,157,4.815,160.34
16:43:15,4,6,157,52.384,160.61
16:43:16,3,4,158,-15.563,160.87
16:43:16,4,3,158,13.253,160.92
16:43:16,3,1,159,-17.131,160.99
16:43:16,1,2,159,62.633,161.29
16:43:16,3,5,158,4.703,161.35
16:43:16,4,6,158,52.487,161.64
16:43:16,3,4,159,-15.618,161.89
16:43:16,4,3,159,13.194,161.94
16:43:16,3,1,160,-17.239,162.01
16:43:16,1,2,160,62.819,162.3
16:43:16,3,5,159,4.591,162.37
16:43:16,4,6,159,52.59,162.66
16:43:16,3,4,160,-15.673,162.91
16:43:16,4,3,160,13.135,162.96
16:43:16,1,2,161,63.005,163.32
16:43:16,3,5,160,4.479,163.4
16:43:16,4,6,160,52.693,163.67
16:43:16,3,4,161,-15.728,163.93
16:43:16,4,3,161,13.076,164.02
16:43:16,1,2,162,63.191,164.34
16:43:16,3,5,161,4.367,164.42
16:43:16,4,6,161,52.796,164.69
16:43:16,3,4,162,-15.783,164.96
16:43:16,4,3,162,13.017,165.05
16:43:16,1,2,163,63.377,165.37
16:43:16,3,5,162,4.255,165.43
16:43:17,4,6,162,52.899,165.71
16:43:17,3,4,163,-15.838,165.96
16:43:17,4,3,163,12.958,166.07
16:43:17,4,1,164,-17.671,166.12
16:43:17,1,2,164,63.563,166.38
16:43:17,3,5,163,4.143,166.45
16:43:17,4,6,163,53.002,166.74
16:43:17,3,4,164,-15.893,166.99
16:43:17,4,3,164,12.899,167.09
16:43:17,4,1,165,-17.779,167.14
16:43:17,1,2,165,63.749,167.4
16:43:17,3,5,164,4.031,167.45
16:43:17,4,6,164,53.105,167.75
16:43:17,3,4,165,-15.948,167.99
16:43:17,4,3,165,12.84,168.09
16:43:17,4,1,166,-17.887,168.16
16:43:17,1,2,166,63.935,168.43
16:43:17,3,5,165,3.919,168.48
16:43:17,4,6,165,53.208,168.78
16:43:17,3,4,166,-16.003,169.01
16:43:17,4,3,166,12.781,169.12
16:43:17,4,1,167,-17.995,169.18
16:43:17,1,2,167,64.121,169.46
16:43:17,3,5,166,3.807,169.5
16:43:17,4,6,166,53.311,169.8
16:43:17,3,4,167,-16.058,170.01
16:43:17,4,3,167,12.722,170.13
16:43:17,4,1,168,-18.103,170.2
16:43:17,1,2,168,64.307,170.46
16:43:17,3,5,167,3.695,170.5
16:43:18,4,6,167,53.414,170.81
16:43:18,3,4,168,-16.113,171.01
16:43:18,4,3,168,12.663,171.14
16:43:18,4,1,169,-18.211,171.22
16:43:18,1,2,169,64.493,171.47
16:43:18,3,5,168,3.583,171.51
16:43:18,4,6,168,53.517,171.83
16:43:18,3,4,169,-16.168,172.03
16:43:18,1,3,169,12.604,172.17
16:43:18,4,1,170,-18.319,172.24
16:43:18,1,2,170,64.679,172.49
16:43:18,3,5,169,3.471,172.52
16:43:18,4,6,169,53.62,172.84
16:43:18,3,4,170,-16.223,173.05
16:43:18,1,3,170,12.545,173.19
16:43:18,4,1,171,-18.427,173.26
16:43:18,1,2,171,64.865,173.51
16:43:18,3,5,170,3.359,173.53
16:43:18,4,6,170,53.723,173.85
16:43:18,3,4,171,-16.278,174.06
16:43:18,1,3,171,12.486,174.19
16:43:18,4,1,172,-18.535,174.28
16:43:18,1,2,172,65.051,174.52
16:43:18,3,5,171,3.247,174.55
16:43:18,4,6,171,53.826,174.85
16:43:18,3,4,172,-16.333,175.06
16:43:18,1,3,172,12.427,175.22
16:43:18,4,1,173,-18.643,175.3
16:43:18,1,2,173,65.237,175.54
16:43:18,3,5,172,3.135,175.56
16:43:19,4,6,172,53.929,175.88
16:43:19,3,4,173,-16.388,176.09
16:43:19,1,3,173,12.368,176.23
16:43:19,4,1,174,-18.751,176.32
16:43:19,1,2,174,65.423,176.54
16:43:19,3,5,173,3.023,176.59
16:43:19,4,6,173,54.032,176.9
16:43:19,3,4,174,-16.443,177.11
16:43:19,1,3,174,12.309,177.24
16:43:19,4,1,175,-18.859,177.33
16:43:19,1,2,175,65.609,177.56
16:43:19,3,5,174,2.911,177.61
16:43:19,4,6,174,54.135,177.92
16:43:19,3,4,175,-16.498,178.12
16:43:19,1,3,175,12.25,178.25
16:43:19,4,1,176,-18.967,178.35
16:43:19,1,2,176,65.795,178.59
16:43:19,3,5,175,2.799,178.63
16:43:19,4,6,175,54.238,178.95
16:43:19,3,4,176,-16.553,179.12
16:43:19,1,3,176,12.191,179.26
16:43:19,4,1,177,-19.075,179.37
16:43:19,1,2,177,65.981,179.59
16:43:19,3,5,176,2.687,179.64
16:43:19,4,6,176,54.341,179.94
16:43:19,3,4,177,-16.608,180.15
16:43:19,1,3,177,12.132,180.29
16:43:19,4,1,178,-19.183,180.39
16:43:20,1,2,178,66.167,180.62
16:43:20,3,5,177,2.575,180.68
16:43:20,4,6,177,54.444,180.97
16:43:20,3,4,178,-16.663,181.17
16:43:20,1,3,178,12.073,181.31
16:43:20,4,1,179,-19.291,181.41
16:43:20,1,2,179,66.353,181.64
16:43:20,3,5,178,2.463,181.68
16:43:20,4,6,178,54.547,181.98
16:43:20,3,4,179,-16.718,182.18
16:43:20,1,3,179,12.014,182.33
16:43:20,4,1,180,-19.399,182.44
16:43:20,1,2,180,66.539,182.66
16:43:20,3,5,179,2.351,182.69
16:43:20,4,6,179,54.65,183.02
16:43:20,3,4,180,-16.773,183.22
16:43:20,1,3,180,11.955,183.36
16:43:20,4,1,181,-19.507,183.47
16:43:20,1,2,181,66.725,183.67
16:43:20,3,5,180,2.239,183.71
16:43:20,4,6,180,54.753,184.03
16:43:20,3,4,181,-16.828,184.21
16:43:20,1,3,181,11.896,184.38
16:43:20,4,1,182,-19.615,184.49
16:43:20,1,2,182,66.911,184.69
16:43:20,3,5,181,2.127,184.73
16:43:20,4,6,181,54.856,185.03
16:43:20,3,4,182,-16.883,185.23
16:43:20,1,3,182,11.837,185.4
16:43:20,4,1,183,-19.723,185.52
16:43:21,3,5,182,2.015,185.75
16:43:21,4,6,182,54.959,186.06
16:43:21,3,4,183,-16.938,186.25
16:43:21,1,3,183,11.778,186.43
16:43:21,4,1,184,-19.831,186.54
16:43:21,3,5,183,1.903,186.76
16:43:21,4,6,183,55.062,187.08
16:43:21,3,4,184,-16.993,187.28
16:43:21,1,3,184,11.719,187.44
16:43:21,4,1,185,-19.939,187.56
16:43:21,3,5,184,1.791,187.78
16:43:21,4,6,184,55.165,188.1
16:43:21,3,4,185,-17.048,188.29
16:43:21,1,3,185,11.66,188.46
16:43:21,4,1,186,-20.047,188.58
16:43:21,3,5,185,1.679,188.81
16:43:21,4,6,185,55.268,189.13
16:43:21,3,4,186,-17.103,189.31
16:43:21,1,3,186,11.601,189.49
16:43:21,4,1,187,-20.155,189.6
16:43:21,3,5,186,1.567,189.81
16:43:21,4,6,186,55.371,190.13
16:43:21,3,4,187,-17.158,190.36
16:43:21,1,3,187,11.542,190.5
16:43:22,4,1,188,-20.263,190.63
16:43:22,3,5,187,1.455,190.83
16:43:22,4,6,187,55.474,191.14
16:43:22,3,4,188,-17.213,191.35
16:43:22,1,3,188,11.483,191.53
16:43:22,4,1,189,-20.371,191.63
16:43:22,2,2,189,68.213,191.84
16:43:22,3,5,188,1.343,191.86
16:43:22,4,6,188,55.577,192.15
16:43:22,3,4,189,-17.268,192.37
16:43:22,1,3,189,11.424,192.54
16:43:22,4,1,190,-20.479,192.65
16:43:22,2,2,190,68.399,192.85
16:43:22,3,5,189,1.231,192.88
16:43:22,4,6,189,55.68,193.16
16:43:22,3,4,190,-17.323,193.4
16:43:22,4,1,191,-20.587,193.67
16:43:22,2,2,191,68.585,193.87
16:43:22,3,5,190,1.119,193.89
16:43:22,4,6,190,55.783,194.18
16:43:22,3,4,191,-17.378,194.41
16:43:22,4,1,192,-20.695,194.68
16:43:22,2,2,192,68.771,194.89
16:43:22,3,5,191,1.007,194.91
16:43:22,4,6,191,55.886,195.2
16:43:22,3,4,192,-17.433,195.43
16:43:23,4,1,193,-20.803,195.7
16:43:23,2,2,193,68.957,195.89
16:43:23,3,5,192,0.895,195.93
16:43:23,4,6,192,55.989,196.21
16:43:23,3,4,193,-17.488,196.45
16:43:23,4,1,194,-20.911,196.71
16:43:23,2,2,194,69.143,196.91
16:43:23,3,5,193,0.783,196.96
16:43:23,4,6,193,56.092,197.22
16:43:23,3,4,194,-17.543,197.48
16:43:23,4,1,195,-21.019,197.73
16:43:23,2,2,195,69.329,197.92
16:43:23,3,5,194,0.671,197.97
16:43:23,4,6,194,56.195,198.24
16:43:23,3,4,195,-17.598,198.51
16:43:23,4,1,196,-21.127,198.76
16:43:23,2,2,196,69.515,198.94
16:43:23,3,5,195,0.559,199.0
16:43:23,4,6,195,56.298,199.27
16:43:23,3,4,196,-17.653,199.52
16:43:23,4,1,197,-21.235,199.77
16:43:23,2,2,197,69.701,199.97
16:43:23,3,5,196,0.447,200.01
16:43:23,4,6,196,56.401,200.29
16:43:23,3,4,197,-17.708,200.54
16:43:24,1,3,197,10.952,200.71
16:43:24,4,1,198,-21.343,200.78
16:43:24,2,2,198,69.887,200.98
16:43:24,3,5,197,0.335,201.02
16:43:24,4,6,197,56.504,201.31
16:43:24,3,4,198,-17.763,201.56
16:43:24,1,3,198,10.893,201.72
16:43:24,4,1,199,-21.451,201.81
16:43:24,2,2,199,70.073,202.01
16:43:24,3,5,198,0.223,202.04
16:43:24,4,6,198,56.607,202.34
16:43:24,3,4,199,-17.818,202.59
16:43:24,1,3,199,10.834,202.74
16:43:24,4,1,200,-21.559,202.83
16:43:24,2,2,200,70.259,203.03
16:43:24,3,5,199,0.111,203.06
16:43:24,4,6,199,56.71,203.34
16:43:24,3,4,200,-17.873,203.61
16:43:24,1,3,200,10.775,203.76
16:43:24,4,1,201,-21.667,203.84
16:43:24,2,2,201,70.445,204.04
16:43:24,3,5,200,-0.001,204.09
16:43:24,4,6,200,56.813,204.37
16:43:24,3,4,201,-17.928,204.63
16:43:24,1,3,201,10.716,204.76
16:43:24,4,1,202,-21.775,204.85
16:43:24,2,2,202,70.631,205.04
16:43:24,3,5,201,-0.113,205.1
16:43:24,4,6,201,56.916,205.39
16:43:25,3,4,202,-17.983,205.65
16:43:25,1,3,202,10.657,205.76
16:43:25,4,1,203,-21.883,205.87
16:43:25,2,2,203,70.817,206.05
16:43:25,3,5,202,-0.225,206.11
16:43:25,4,6,202,57.019,206.41
16:43:25,3,4,203,-18.038,206.67
16:43:25,1,3,203,10.598,206.79
16:43:25,4,1,204,-21.991,206.9
16:43:25,2,2,204,71.003,207.08
16:43:25,3,5,203,-0.337,207.15
16:43:25,4,6,203,57.122,207.43
16:43:25,3,4,204,-18.093,207.7
16:43:25,1,3,204,10.539,207.8
16:43:25,4,1,205,-22.099,207.91
16:43:25,2,2,205,71.189,208.1
16:43:25,3,5,204,-0.449,208.16
16:43:25,4,6,204,57.225,208.45
16:43:25,3,4,205,-18.148,208.72
16:43:25,1,3,205,10.48,208.81
16:43:25,4,1,206,-22.207,208.94
16:43:25,2,2,206,71.375,209.13
16:43:25,3,5,205,-0.561,209.19
16:43:25,4,6,205,57.328,209.48
16:43:25,3,4,206,-18.203,209.73
16:43:25,1,3,206,10.421,209.81
16:43:25,4,1,207,-22.315,209.96
16:43:25,2,2,207,71.561,210.15
16:43:25,3,5,206,-0.673,210.23
16:43:25,4,6,206,57.431,210.47
16:43:26,3,4,207,-18.258,210.76
16:43:26,1,3,207,10.362,210.83
16:43:26,4,1,208,-22.423,210.98
16:43:26,2,2,208,71.747,211.18
16:43:26,3,5,207,-0.785,211.22
16:43:26,4,6,207,57.534,211.5
16:43:26,3,4,208,-18.313,211.78
16:43:26,1,3,208,10.303,211.85
16:43:26,4,1,209,-22.531,212.01
16:43:26,2,2,209,71.933,212.21
16:43:26,3,5,208,-0.897,212.23
16:43:26,4,6,208,57.637,212.52
16:43:26,3,4,209,-18.368,212.8
16:43:26,1,3,209,10.244,212.86
16:43:26,4,1,210,-22.639,213.02
16:43:26,2,2,210,72.119,213.23
16:43:26,3,5,209,-1.009,213.26
16:43:26,4,6,209,57.74,213.55
16:43:26,3,4,210,-18.423,213.83
16:43:26,1,3,210,10.185,213.87
16:43:26,2,2,211,72.305,214.23
16:43:26,3,5,210,-1.121,214.26
16:43:26,4,6,210,57.843,214.57
16:43:26,3,4,211,-18.478,214.84
16:43:26,1,3,211,10.126,214.9
16:43:26,2,2,212,72.491,215.26
16:43:26,3,5,211,-1.233,215.28
16:43:26,4,6,211,57.946,215.59
16:43:27,3,4,212,-18.533,215.86
16:43:27,1,3,212,10.067,215.92
16:43:27,2,2,213,72.677,216.26
16:43:27,3,5,212,-1.345,216.29
16:43:27,4,6,212,58.049,216.62
16:43:27,3,4,213,-18.588,216.88
16:43:27,1,3,213,10.008,216.93
16:43:27,2,2,214,72.863,217.27
16:43:27,3,5,213,-1.457,217.31
16:43:27,4,6,213,58.152,217.62
16:43:27,3,4,214,-18.643,217.9
16:43:27,1,3,214,9.949,217.96
16:43:27,3,5,214,-1.569,218.33
16:43:27,4,6,214,58.255,218.62
16:43:27,3,4,215,-18.698,218.91
16:43:27,1,3,215,9.89,218.99
16:43:27,2,1,216,-23.287,219.13
16:43:27,3,5,215,-1.681,219.34
16:43:27,4,6,215,58.358,219.64
16:43:27,3,4,216,-18.753,219.92
16:43:27,1,3,216,9.831,220.01
16:43:27,2,1,217,-23.395,220.14
16:43:27,3,5,216,-1.793,220.35
16:43:28,4,6,216,58.461,220.67
16:43:28,3,4,217,-18.808,220.95
16:43:28,1,3,217,9.772,221.01
16:43:28,3,5,217,-1.905,221.37
16:43:28,4,6,217,58.564,221.67
16:43:28,3,4,218,-18.863,221.97
16:43:28,1,3,218,9.713,222.04
16:43:28,4,6,218,58.667,222.69
16:43:28,3,4,219,-18.918,222.98
16:43:28,1,3,219,9.654,223.06
16:43:28,4,6,219,58.77,223.72
16:43:28,3,4,220,-18.973,224.0
16:43:28,1,3,220,9.595,224.09
16:43:28,3,1,221,-23.827,224.24
16:43:28,1,2,221,74.165,224.41
16:43:28,4,6,220,58.873,224.74
16:43:28,3,4,221,-19.028,225.02
16:43:28,1,3,221,9.536,225.12
16:43:28,3,1,222,-23.935,225.26
16:43:28,1,2,222,74.351,225.42
16:43:29,4,6,221,58.976,225.75
16:43:29,3,4,222,-19.083,226.04
16:43:29,3,1,223,-24.043,226.28
16:43:29,1,2,223,74.537,226.45
16:43:29,4,6,222,59.079,226.78
16:43:29,3,4,223,-19.138,227.07
16:43:29,3,1,224,-24.151,227.31
16:43:29,1,2,224,74.723,227.46
16:43:29,4,6,223,59.182,227.8
16:43:29,3,4,224,-19.193,228.09
16:43:29,3,1,225,-24.259,228.32
16:43:29,1,2,225,74.909,228.49
16:43:29,4,6,224,59.285,228.83
16:43:29,3,4,225,-19.248,229.1
16:43:29,3,1,226,-24.367,229.33
16:43:29,1,2,226,75.095,229.5
16:43:29,4,6,225,59.388,229.83
16:43:29,3,4,226,-19.303,230.13
16:43:29,3,1,227,-24.475,230.36
16:43:29,1,2,227,75.281,230.53
16:43:30,4,6,226,59.491,230.84
16:43:30,3,4,227,-19.358,231.14
16:43:30,3,1,228,-24.583,231.39
16:43:30,1,2,228,75.467,231.55
16:43:30,4,6,227,59.594,231.86
16:43:30,3,4,228,-19.413,232.16
16:43:30,2,3,228,9.123,232.24
16:43:30,3,1,229,-24.691,232.41
16:43:30,1,2,229,75.653,232.56
16:43:30,4,6,228,59.697,232.88
16:43:30,3,4,229,-19.468,233.18
16:43:30,2,3,229,9.064,233.23
16:43:30,3,1,230,-24.799,233.44
16:43:30,1,2,230,75.839,233.58
16:43:30,4,6,229,59.8,233.91
16:43:30,3,4,230,-19.523,234.19
16:43:30,2,3,230,9.005,234.26
16:43:30,3,1,231,-24.907,234.46
16:43:30,1,2,231,76.025,234.59
16:43:30,4,6,230,59.903,234.93
16:43:30,3,4,231,-19.578,235.2
16:43:30,3,1,232,-25.015,235.47
16:43:31,4,6,231,60.006,235.96
16:43:31,3,4,232,-19.633,236.2
16:43:31,3,1,233,-25.123,236.49
16:43:31,4,6,232,60.109,236.98
16:43:31,3,4,233,-19.688,237.21
16:43:31,3,1,234,-25.231,237.51
16:43:31,4,6,233,60.212,238.0
16:43:31,3,4,234,-19.743,238.22
16:43:31,3,1,235,-25.339,238.53
16:43:31,3,2,235,76.769,238.67
16:43:31,4,6,234,60.315,239.03
16:43:31,3,4,235,-19.798,239.25
16:43:31,3,1,236,-25.447,239.56
16:43:31,3,2,236,76.955,239.69
16:43:31,4,6,235,60.418,240.04
16:43:31,3,4,236,-19.853,240.27
16:43:31,1,3,236,8.651,240.39
16:43:31,3,1,237,-25.555,240.58
16:43:32,3,2,237,77.141,240.71
16:43:32,4,6,236,60.521,241.04
16:43:32,3,4,237,-19.908,241.29
16:43:32,1,3,237,8.592,241.4
16:43:32,3,1,238,-25.663,241.6
16:43:32,3,2,238,77.327,241.74
16:43:32,4,6,237,60.624,242.07
16:43:32,3,4,238,-19.963,242.3
16:43:32,1,3,238,8.533,242.42
16:43:32,3,1,239,-25.771,242.63
16:43:32,3,2,239,77.513,242.76
16:43:32,4,6,238,60.727,243.09
16:43:32,3,4,239,-20.018,243.33
16:43:32,1,3,239,8.474,243.45
16:43:32,3,1,240,-25.879,243.63
16:43:32,3,2,240,77.699,243.77
16:43:32,4,6,239,60.83,244.11
16:43:32,3,4,240,-20.073,244.33
16:43:32,1,3,240,8.415,244.46
16:43:32,3,1,241,-25.987,244.65
16:43:32,3,2,241,77.885,244.79
16:43:32,4,6,240,60.933,245.13
16:43:32,3,4,241,-20.128,245.36
16:43:32,1,3,241,8.356,245.48
16:43:33,3,1,242,-26.095,245.67
16:43:33,3,2,242,78.071,245.81
16:43:33,4,6,241,61.036,246.14
16:43:33,3,4,242,-20.183,246.37
16:43:33,1,3,242,8.297,246.49
16:43:33,3,1,243,-26.203,246.68
16:43:33,3,2,243,78.257,246.83
16:43:33,4,6,242,61.139,247.14
16:43:33,3,4,243,-20.238,247.4
16:43:33,1,3,243,8.238,247.51
16:43:33,3,1,244,-26.311,247.7
16:43:33,3,2,244,78.443,247.86
16:43:33,1,5,243,-4.817,247.86
16:43:33,4,6,243,61.242,248.16
16:43:33,1,3,244,8.179,248.54
16:43:33,3,1,245,-26.419,248.72
16:43:33,3,2,245,78.629,248.86
16:43:33,1,5,244,-4.929,248.89
16:43:33,4,6,244,61.345,249.18
16:43:33,1,3,245,8.12,249.55
16:43:33,3,1,246,-26.527,249.75
16:43:33,3,2,246,78.815,249.87
16:43:33,1,5,245,-5.041,249.91
16:43:33,4,6,245,61.448,250.2
16:43:33,1,3,246,8.061,250.58
16:43:34,3,1,247,-26.635,250.77
16:43:34,3,2,247,79.001,250.89
16:43:34,4,6,246,61.551,251.23
16:43:34,4,4,247,-20.458,251.46
16:43:34,1,3,247,8.002,251.59
16:43:34,3,1,248,-26.743,251.78
16:43:34,3,2,248,79.187,251.91
16:43:34,4,6,247,61.654,252.26
16:43:34,4,4,248,-20.513,252.48
16:43:34,1,3,248,7.943,252.61
16:43:34,3,1,249,-26.851,252.8
16:43:34,3,2,249,79.373,252.92
16:43:34,4,6,248,61.757,253.28
16:43:34,4,4,249,-20.568,253.51
16:43:34,1,3,249,7.884,253.62
16:43:34,3,1,250,-26.959,253.82
16:43:34,3,2,250,79.559,253.95
16:43:34,4,6,249,61.86,254.3
16:43:34,4,4,250,-20.623,254.53
16:43:34,1,3,250,7.825,254.64
16:43:34,3,1,251,-27.067,254.84
16:43:34,3,2,251,79.745,254.96
16:43:34,3,5,250,-5.601,255.01
16:43:34,4,6,250,61.963,255.31
16:43:34,4,4,251,-20.678,255.55
16:43:35,1,3,251,7.766,255.66
16:43:35,3,1,252,-27.175,255.85
16:43:35,3,2,252,79.931,255.99
16:43:35,3,5,251,-5.713,256.03
16:43:35,4,6,251,62.066,256.42
16:43:35,4,4,252,-20.733,256.58
16:43:35,1,3,252,7.707,256.67
16:43:35,3,1,253,-27.283,256.86
16:43:35,3,2,253,80.117,257.01
16:43:35,3,5,252,-5.825,257.04
16:43:35,4,6,252,62.169,257.42
16:43:35,4,4,253,-20.788,257.61
16:43:35,3,1,254,-27.391,257.88
16:43:35,3,2,254,80.303,258.04
16:43:35,3,5,253,-5.937,258.07
16:43:35,4,6,253,62.272,258.45
16:43:35,4,4,254,-20.843,258.61
16:43:35,3,1,255,-27.499,258.91
16:43:35,3,2,255,80.489,259.05
16:43:35,3,5,254,-6.049,259.09
16:43:35,4,6,254,62.375,259.47
16:43:35,4,4,255,-20.898,259.62
16:43:35,3,1,256,-27.607,259.92
16:43:35,3,2,256,80.675,260.06
16:43:35,3,5,255,-6.161,260.1
16:43:35,4,6,255,62.478,260.48
16:43:36,4,4,256,-20.953,260.65
16:43:36,3,1,257,-27.715,260.94
16:43:36,3,2,257,80.861,261.08
16:43:36,3,5,256,-6.273,261.12
16:43:36,4,6,256,62.581,261.5
16:43:36,4,4,257,-21.008,261.66
16:43:36,3,1,258,-27.823,261.96
16:43:36,3,2,258,81.047,262.09
16:43:36,3,5,257,-6.385,262.14
16:43:36,4,6,257,62.684,262.51
16:43:36,4,4,258,-21.063,262.68
16:43:36,3,1,259,-27.931,262.97
16:43:36,3,2,259,81.233,263.1
16:43:36,3,5,258,-6.497,263.16
16:43:36,4,6,258,62.787,263.53
16:43:36,4,4,259,-21.118,263.71
16:43:36,3,3,259,7.294,263.83
16:43:36,3,1,260,-28.039,263.99
16:43:36,3,2,260,81.419,264.12
16:43:36,3,5,259,-6.609,264.18
16:43:36,4,6,259,62.89,264.55
16:43:36,4,4,260,-21.173,264.71
16:43:36,3,3,260,7.235,264.84
16:43:36,3,1,261,-28.147,265.01
16:43:36,3,2,261,81.605,265.14
16:43:36,3,5,260,-6.721,265.21
16:43:36,4,6,260,62.993,265.58
16:43:37,4,4,261,-21.228,265.73
16:43:37,3,3,261,7.176,265.87
16:43:37,3,1,262,-28.255,266.04
16:43:37,3,2,262,81.791,266.14
16:43:37,3,5,261,-6.833,266.23
16:43:37,4,6,261,63.096,266.62
16:43:37,4,4,262,-21.283,266.74
16:43:37,3,3,262,7.117,266.87
16:43:37,3,1,263,-28.363,267.05
16:43:37,3,2,263,81.977,267.15
16:43:37,3,5,262,-6.945,267.25
16:43:37,4,6,262,63.199,267.64
16:43:37,4,4,263,-21.338,267.76
16:43:37,3,3,263,7.058,267.9
16:43:37,3,1,264,-28.471,268.06
16:43:37,3,2,264,82.163,268.17
16:43:37,3,5,263,-7.057,268.28
16:43:37,4,6,263,63.302,268.66
16:43:37,4,4,264,-21.393,268.78
16:43:37,3,3,264,6.999,268.9
16:43:37,3,1,265,-28.579,269.08
16:43:37,3,2,265,82.349,269.19
16:43:37,3,5,264,-7.169,269.29
16:43:37,4,6,264,63.405,269.67
16:43:37,4,4,265,-21.448,269.81
16:43:37,3,3,265,6.94,269.91
16:43:37,3,1,266,-28.687,270.1
16:43:37,3,2,266,82.535,270.21
16:43:37,3,5,265,-7.281,270.32
16:43:38,4,6,265,63.508,270.67
16:43:38,4,4,266,-21.503,270.83
16:43:38,3,3,266,6.881,270.93
16:43:38,3,1,267,-28.795,271.13
16:43:38,3,2,267,82.721,271.21
16:43:38,3,5,266,-7.393,271.33
16:43:38,4,6,266,63.611,271.69
16:43:38,4,4,267,-21.558,271.84
16:43:38,3,1,268,-28.903,272.13
16:43:38,3,2,268,82.907,272.23
16:43:38,3,5,267,-7.505,272.36
16:43:38,4,6,267,63.714,272.72
16:43:38,4,4,268,-21.613,272.87
16:43:38,3,1,269,-29.011,273.13
16:43:38,3,2,269,83.093,273.26
16:43:38,3,5,268,-7.617,273.38
16:43:38,4,6,268,63.817,273.73
16:43:38,4,4,269,-21.668,273.88
16:43:38,3,1,270,-29.119,274.14
16:43:38,3,2,270,83.279,274.28
16:43:38,3,5,269,-7.729,274.39
16:43:38,4,6,269,63.92,274.76
16:43:38,4,4,270,-21.723,274.9
16:43:38,1,3,270,6.645,275.01
16:43:38,3,1,271,-29.227,275.16
16:43:38,3,2,271,83.465,275.29
16:43:38,3,5,270,-7.841,275.41
16:43:39,4,6,270,64.023,275.78
16:43:39,4,4,271,-21.778,275.93
16:43:39,1,3,271,6.586,276.03
16:43:39,3,1,272,-29.335,276.16
16:43:39,3,2,272,83.651,276.31
16:43:39,3,5,271,-7.953,276.43
16:43:39,4,6,271,64.126,276.79
16:43:39,4,4,272,-21.833,276.95
16:43:39,1,3,272,6.527,277.05
16:43:39,3,1,273,-29.443,277.19
16:43:39,3,2,273,83.837,277.33
16:43:39,3,5,272,-8.065,277.45
16:43:39,4,6,272,64.229,277.82
16:43:39,4,4,273,-21.888,277.98
16:43:39,1,3,273,6.468,278.07
16:43:39,3,1,274,-29.551,278.2
16:43:39,3,2,274,84.023,278.36
16:43:39,3,5,273,-8.177,278.46
16:43:39,4,6,273,64.332,278.84
16:43:39,4,4,274,-21.943,279.0
16:43:39,1,3,274,6.409,279.09
16:43:39,3,2,275,84.209,279.36
16:43:39,3,5,274,-8.289,279.48
16:43:39,4,6,274,64.435,279.86
16:43:39,4,4,275,-21.998,280.0
16:43:39,1,3,275,6.35,280.11
16:43:39,3,2,276,84.395,280.39
16:43:39,3,5,275,-8.401,280.5
16:43:40,4,6,275,64.538,280.87
16:43:40,4,4,276,-22.053,281.01
16:43:40,1,3,276,6.291,281.13
16:43:40,3,2,277,84.581,281.4
16:43:40,3,5,276,-8.513,281.52
16:43:40,4,6,276,64.641,281.9
16:43:40,4,4,277,-22.108,282.04
16:43:40,1,3,277,6.232,282.13
16:43:40,3,2,278,84.767,282.4
16:43:40,3,5,277,-8.625,282.54
16:43:40,4,6,277,64.744,282.92
16:43:40,4,4,278,-22.163,283.05
16:43:40,1,3,278,6.173,283.15
16:43:40,1,1,279,-30.091,283.31
16:43:40,3,2,279,84.953,283.42
16:43:40,3,5,278,-8.737,283.57
16:43:40,4,6,278,64.847,283.95
16:43:40,4,4,279,-22.218,284.07
16:43:40,1,3,279,6.114,284.17
16:43:40,1,1,280,-30.199,284.33
16:43:40,3,2,280,85.139,284.45
16:43:40,3,5,279,-8.849,284.58
16:43:40,4,6,279,64.95,284.96
16:43:40,4,4,280,-22.273,285.09
16:43:40,1,3,280,6.055,285.19
16:43:40,1,1,281,-30.307,285.34
16:43:40,3,2,281,85.325,285.48
16:43:40,3,5,280,-8.961,285.59
16:43:41,4,6,280,65.053,285.97
16:43:41,4,4,281,-22.328,286.12
16:43:41,1,3,281,5.996,286.2
16:43:41,1,1,282,-30.415,286.36
16:43:41,3,2,282,85.511,286.5
16:43:41,3,5,281,-9.073,286.59
16:43:41,4,6,281,65.156,286.99
16:43:41,4,4,282,-22.383,287.14
16:43:41,1,3,282,5.937,287.21
16:43:41,1,1,283,-30.523,287.37
16:43:41,3,2,283,85.697,287.51
16:43:41,3,5,282,-9.185,287.6
16:43:41,4,6,282,65.259,288.01
16:43:41,4,4,283,-22.438,288.17
16:43:41,1,3,283,5.878,288.23
16:43:41,1,1,284,-30.631,288.4
16:43:41,3,2,284,85.883,288.53
16:43:41,3,5,283,-9.297,288.63
16:43:41,4,6,283,65.362,289.01
16:43:41,4,4,284,-22.493,289.19
16:43:41,1,3,284,5.819,289.25
16:43:41,1,1,285,-30.739,289.42
16:43:41,3,2,285,86.069,289.54
16:43:41,3,5,284,-9.409,289.63
16:43:41,4,6,284,65.465,290.04
16:43:41,4,4,285,-22.548,290.22
16:43:41,1,3,285,5.76,290.28
16:43:41,1,1,286,-30.847,290.44
16:43:41,3,2,286,86.255,290.55
16:43:42,3,5,285,-9.521,290.64
16:43:42,4,6,285,65.568,291.04
16:43:42,4,4,286,-22.603,291.24
16:43:42,1,3,286,5.701,291.3
16:43:42,1,1,287,-30.955,291.46
16:43:42,3,2,287,86.441,291.58
16:43:42,3,5,286,-9.633,291.66
16:43:42,4,6,286,65.671,292.05
16:43:42,4,4,287,-22.658,292.26
16:43:42,1,1,288,-31.063,292.49
16:43:42,3,2,288,86.627,292.6
16:43:42,3,5,287,-9.745,292.67
16:43:42,4,6,287,65.774,293.06
16:43:42,4,4,288,-22.713,293.28
16:43:42,1,1,289,-31.171,293.5
16:43:42,3,2,289,86.813,293.62
16:43:42,3,5,288,-9.857,293.69
16:43:42,4,6,288,65.877,294.08
16:43:42,4,4,289,-22.768,294.3
16:43:42,1,1,290,-31.279,294.52
16:43:42,3,2,290,86.999,294.64
16:43:42,3,5,289,-9.969,294.7
16:43:42,4,6,289,65.98,295.11
16:43:42,4,4,290,-22.823,295.31
16:43:42,1,1,291,-31.387,295.54
16:43:43,3,2,291,87.185,295.66
16:43:43,3,5,290,-10.081,295.72
16:43:43,4,6,290,66.083,296.12
16:43:43,4,4,291,-22.878,296.34
16:43:43,1,1,292,-31.495,296.56
16:43:43,3,2,292,87.371,296.69
16:43:43,3,5,291,-10.193,296.75
16:43:43,4,6,291,66.186,297.13
16:43:43,4,4,292,-22.933,297.34
16:43:43,1,1,293,-31.603,297.56
16:43:43,3,2,293,87.557,297.71
16:43:43,3,5,292,-10.305,297.77
16:43:43,4,6,292,66.289,298.15
16:43:43,4,4,293,-22.988,298.36
16:43:43,2,3,293,5.288,298.43
16:43:43,1,1,294,-31.711,298.59
16:43:43,3,2,294,87.743,298.74
16:43:43,3,5,293,-10.417,298.8
16:43:43,4,6,293,66.392,299.18
16:43:43,4,4,294,-23.043,299.38
16:43:43,2,3,294,5.229,299.44
16:43:43,1,1,295,-31.819,299.61
16:43:43,3,2,295,87.929,299.75
16:43:43,3,5,294,-10.529,299.82
16:43:43,4,6,294,66.495,300.2
16:43:43,4,4,295,-23.098,300.4
16:43:43,2,3,295,5.17,300.46
16:43:44,1,1,296,-31.927,300.64
16:43:44,3,2,296,88.115,300.78
16:43:44,4,6,295,66.598,301.23
16:43:44,4,4,296,-23.153,301.42
16:43:44,2,3,296,5.111,301.47
16:43:44,1,1,297,-32.035,301.65
16:43:44,3,2,297,88.301,301.78
